major,contig,power,maxdem,mindem,years,class
0,0,0.737793803,0,-5,0,0
0,0,0.135222599,-7,-10,0,0
0,0,0.033316601,10,-5,0,0
0,0,0.764927685,10,2,0,0
1,0,0.476666003,10,-3,0,1
1,0,0.081351899,10,-1,0,1
0,0,0.453905702,8,4,0,0
0,1,0.286852598,8,-9,0,1
1,0,0.0176693,10,-7,0,1
1,0,0.0072904,10,-9,0,1
0,0,0.204933897,10,-7,0,0
0,0,0.391709596,10,-6,0,0
0,0,0.73632127,10,7,0,0
1,0,0.073714703,10,-7,0,1
0,0,0.283093095,2,-9,0,0
0,0,0.509289622,10,-9,0,0
0,0,0.549450517,10,5,0,0
0,0,0.084041603,10,-9,1,0
0,0,0.337391287,5,-3,1,0
0,1,0.0024227,-5,-9,1,1
0,0,0.533551872,10,-9,1,0
1,1,0.966857016,-5,-9,0,1
1,0,0.0341423,10,-9,1,0
0,0,0.0130163,10,-3,1,0
0,0,0.51859951,5,2,1,0
0,0,0.548721671,2,1,1,0
0,0,0.835721612,2,-4,1,0
0,0,0.229885101,10,-1,1,0
1,0,0.0022655,10,2,1,0
1,0,0.038468398,10,2,1,1
0,0,0.0259475,10,5,1,0
0,0,0.936562777,10,10,2,0
0,0,0.300232202,10,10,2,0
0,1,0.781893015,10,-8,2,1
1,0,0.49814871,10,10,2,0
1,0,0.387483805,10,-9,2,1
0,0,0.565244317,4,-7,2,0
1,0,0.171595007,10,-9,0,1
0,1,0.994764388,10,-3,2,0
0,1,0.400191307,8,-9,0,1
0,1,0.078174703,1,-10,2,1
0,0,0.711610615,10,-3,2,0
1,0,0.762569427,10,-9,1,1
0,0,0.936067581,10,-10,2,0
0,0,0.1375999,10,-3,2,0
0,0,0.094165698,2,-6,1,0
1,0,0.661283374,10,-9,1,1
1,0,0.049565598,10,2,0,1
1,0,0.174002498,10,-3,1,1
0,0,0.667673707,-3,-10,2,0
1,0,0.056499802,10,-10,2,0
1,0,0.0031154,10,-6,2,0
0,0,0.236182898,10,-7,3,0
0,0,0.293359786,0,-8,3,0
0,0,0.144329906,10,-9,3,0
0,0,0.194888696,10,10,3,0
0,0,0.895430982,3,2,3,0
0,0,0.0751426,4,-10,3,0
1,0,0.0111425,10,-5,3,0
1,0,0.0151708,10,-6,3,1
0,0,0.776938915,-7,-9,3,0
1,0,0.333955586,10,-7,3,0
0,0,0.305028588,8,-7,1,0
1,0,0.437659591,10,-8,3,1
0,1,0.194236398,-7,-9,3,1
0,1,0.467600912,10,1,0,1
1,0,0.091184601,-7,-9,3,1
0,0,0.61648941,-6,-7,3,0
0,0,0.623461187,3,0,3,0
0,1,0.357959598,2,-10,2,1
0,1,0.401793689,-7,-10,3,1
0,1,0.578947425,2,-7,3,1
0,1,0.691770196,10,-7,0,1
0,0,0.135061398,5,-7,3,0
1,0,0.0051531,10,-10,3,0
1,0,0.0004201,10,-9,3,1
0,1,0.595335186,-7,-7,3,0
0,0,0.232443601,-1,-9,3,0
1,0,0.043965001,10,10,1,1
0,1,0.383426696,4,-9,0,1
1,0,0.584051311,10,-8,3,1
0,0,0.702006221,-1,-7,3,0
0,0,0.697336614,10,2,2,0
0,0,0.0835042,10,-6,4,0
0,0,0.317091703,-7,-9,4,0
0,1,0.350704998,10,-10,0,1
0,1,0.203159705,10,10,4,0
1,0,0.966116488,10,-7,4,0
0,1,0.058066402,5,-5,4,0
0,0,0.899595082,-3,-7,1,0
0,0,0.136122093,-5,-7,4,0
0,0,0.230131403,8,-8,1,1
0,0,0.655209184,10,-7,4,0
0,0,0.980557621,10,3,4,0
0,1,0.554485917,4,2,4,1
0,1,0.756053209,-3,-7,0,1
1,0,0.647459328,10,-7,4,0
0,1,0.374547511,10,1,0,1
0,0,0.800692379,10,-7,4,0
0,0,0.464076996,8,-5,2,0
0,1,0.371038109,9,4,0,1
0,1,0.324624687,4,-10,0,1
0,0,0.275802493,8,-7,2,0
1,0,0.393531591,10,-8,0,1
1,0,0.583720028,10,-9,0,1
1,1,0.660017788,9,-8,3,1
1,0,0.0110991,10,-3,4,0
0,0,0.74295193,-5,-8,4,0
0,0,0.760237813,8,4,4,0
1,0,0.515536129,10,-8,0,1
0,0,0.039586801,9,2,3,0
0,1,0.866891384,10,2,0,1
0,0,0.923756003,8,-4,4,0
0,1,0.869553089,4,-7,4,1
1,0,0.089565501,10,-9,4,0
0,0,0.0095953,10,10,5,0
0,1,0.575189471,4,2,0,1
0,1,0.857468724,-5,-9,0,0
1,0,0.0036047,10,-9,5,0
0,0,0.053162199,10,-3,5,0
0,1,0.913110971,10,2,0,1
0,0,0.621085882,10,0,2,1
0,0,0.155799702,9,-1,4,0
1,0,0.0065234,10,7,3,0
1,1,0.078335501,-8,-8,0,1
0,0,0.42352131,4,-7,3,0
0,0,0.762064576,7,-3,3,0
0,1,0.277290612,4,-10,0,1
1,0,0.039461002,4,-9,5,0
0,1,0.370536596,9,4,0,1
1,0,0.126522496,10,-1,4,1
1,0,0.164729401,10,1,5,1
1,0,0.427535713,10,0,2,1
1,0,0.691027522,10,-8,0,1
0,0,0.55346781,10,1,5,0
0,0,0.0125186,10,-6,5,0
1,0,0.143364906,10,-8,0,1
0,0,0.593500018,1,-9,5,0
0,0,0.452065498,8,-4,5,0
0,1,0.398747712,10,1,0,1
1,1,0.045510501,-1,-9,4,1
0,0,0.577622414,10,0,5,0
0,0,0.0258493,-3,-7,5,0
0,0,0.113646597,10,-5,5,0
0,0,0.559121609,10,8,5,0
1,0,0.052986301,10,7,3,0
0,0,0.220029801,-3,-5,2,0
1,0,0.723183393,10,-8,0,1
0,1,0.541555405,10,-7,6,1
0,0,0.684639812,10,-3,6,0
0,0,0.149197698,10,-3,6,0
0,0,0.761254489,10,4,6,0
0,0,0.222925499,10,-7,6,0
1,0,0.190380901,10,-8,0,1
1,1,0.066562399,10,-9,6,1
0,0,0.043416601,5,-7,6,0
1,0,0.090153202,10,-7,6,0
0,0,0.108492598,10,-6,6,0
1,0,0.0518777,10,-7,6,0
0,0,0.953752875,2,-9,6,0
0,0,0.832957089,-6,-9,6,0
1,0,0.510124683,10,-9,0,1
0,1,0.452504009,2,-9,6,1
0,0,0.141485199,10,-8,6,0
0,1,0.924536109,10,-7,0,1
0,0,0.548767388,-4,-9,6,0
0,1,0.365685791,9,5,0,1
1,0,0.0020863,10,-5,6,0
0,0,0.908899128,-5,-6,6,0
0,0,0.0242038,10,-6,6,0
0,1,0.064935699,10,-9,6,1
0,0,0.799136877,8,5,4,0
0,0,0.52970928,10,-6,6,0
0,0,0.203483701,-7,-9,6,0
0,0,0.441249698,-1,-7,6,0
0,0,0.53466171,-7,-9,6,0
0,0,0.694498181,-7,-8,3,0
0,0,0.337144405,4,2,6,0
1,0,0.171272397,10,-6,3,1
1,0,0.0044241,10,2,6,1
0,1,0.986385703,4,-7,1,1
0,0,0.890475512,10,-7,7,0
0,1,0.544316888,10,-7,7,1
1,0,0.066256501,-7,-8,3,1
0,1,0.337356001,10,-4,1,1
0,0,0.567827106,10,-6,5,0
0,0,0.478346497,2,-10,7,0
1,0,0.739344418,10,-8,0,1
1,0,0.122211002,10,2,7,0
0,0,0.686891198,-7,-8,4,1
0,0,0.966713309,4,-9,7,0
0,0,0.081401601,10,2,7,0
0,0,0.379783899,10,-10,7,0
0,0,0.502303004,10,-8,4,1
0,1,0.551550686,4,2,1,1
0,0,0.06944,10,-1,7,0
0,1,0.952589989,10,-7,0,1
0,0,0.029472901,5,-3,6,0
0,0,0.514285684,-5,-7,7,0
1,1,0.303718805,10,-7,1,1
0,0,0.745576501,10,0,1,1
1,1,0.111600503,-8,-8,0,1
0,0,0.109988801,7,-7,5,0
0,1,0.838050425,8,-6,5,1
1,0,0.1830865,10,-8,0,1
1,0,0.071420997,10,-7,7,1
0,0,0.534001172,8,-8,0,1
0,0,0.022095401,10,-1,7,0
0,0,0.147397995,10,-6,7,0
0,0,0.184583902,-4,-9,4,0
0,1,0.373337507,10,-7,0,1
0,1,0.448839694,10,10,7,0
0,0,0.105392098,10,-10,7,0
1,1,0.471915096,10,-8,1,1
0,1,0.551472127,10,-7,0,1
0,1,0.542442977,4,2,0,1
1,1,0.629193783,9,-8,3,1
0,1,0.391481906,10,-4,0,1
0,0,0.279331386,10,-5,8,0
1,0,0.90929842,10,9,7,0
0,0,0.072818801,10,-1,8,0
1,1,0.124210499,-8,-8,0,1
0,1,0.64605552,-4,-7,0,1
0,1,0.844072521,8,-6,0,1
0,0,0.933163822,4,2,8,0
0,0,0.287488908,10,-1,8,0
0,0,0.70270282,10,-9,8,0
1,0,0.0154933,8,-8,8,0
0,0,0.425406188,10,5,8,0
1,0,0.503469706,10,-8,0,1
0,0,0.083646797,9,-9,7,1
1,1,0.0166637,10,-7,8,1
0,0,0.55301249,-7,-9,8,0
0,0,0.831359327,10,4,8,0
0,1,0.585526288,10,-8,4,1
0,0,0.0038106,10,9,7,0
0,0,0.243553907,2,-7,8,0
0,1,0.969884872,10,7,0,1
0,0,0.128167704,5,-10,7,0
0,0,0.28001529,7,-8,5,0
1,0,0.0043294,10,2,1,1
0,0,0.606839478,5,-4,8,0
1,0,0.710146785,10,-8,0,1
1,0,0.01237,10,10,8,1
0,0,0.153485805,10,10,9,0
0,1,0.934076071,10,7,0,1
0,0,0.548888326,10,-7,7,1
0,0,0.349830002,8,-9,7,0
0,0,0.1168091,10,-6,9,0
1,0,0.207376793,10,-8,1,1
1,0,0.0105089,10,-4,9,0
0,0,0.091042601,10,2,9,0
1,0,0.0159392,10,8,7,0
0,1,0.25510329,7,4,9,1
0,1,0.377496213,10,10,9,0
0,0,0.154081598,-3,-9,9,0
0,0,0.0635124,0,-5,6,0
0,0,0.411340088,10,10,9,0
0,0,0.185039401,5,-1,9,0
0,0,0.182577103,7,5,8,0
1,0,0.548381209,10,-8,0,1
0,1,0.420644999,10,-4,0,1
1,0,0.035643902,10,-10,9,1
1,0,0.0048437,10,2,0,1
0,0,0.089539401,-7,-9,9,0
0,1,0.361063093,10,-7,0,1
0,0,0.951884329,5,-9,9,0
1,0,0.0129011,10,4,9,1
0,1,0.860011816,8,-2,0,1
0,0,0.990585804,-2,-9,1,0
0,0,0.630360782,7,-9,9,0
1,0,0.203713298,-7,-8,9,0
0,0,0.995863616,10,-7,9,0
1,1,0.620504379,9,-8,0,1
0,0,0.493967891,5,-7,9,0
0,0,0.0165199,10,-3,9,0
1,1,0.293829888,10,-7,0,1
0,1,0.445497602,10,-1,0,1
0,0,0.612935126,10,-10,9,0
0,1,0.238057494,5,-10,3,1
0,0,0.752021611,-6,-9,9,0
0,0,0.34029901,10,-8,3,1
0,0,0.950741887,-7,-9,2,0
1,1,0.062630199,10,-7,2,1
0,0,0.128695399,-7,-7,9,0
1,1,0.152412504,-4,-8,1,1
0,0,0.810650826,10,5,9,0
0,1,0.056076799,10,-9,2,1
0,1,0.544329882,4,2,0,1
0,1,0.356313109,9,5,2,1
0,1,0.034088001,9,-7,8,0
1,1,0.177688703,5,-8,8,1
0,0,0.142600894,5,-1,10,0
0,0,0.878254175,10,10,8,0
1,0,0.017890301,10,-6,6,1
0,1,0.359595209,9,8,0,1
0,0,0.123937801,10,-7,10,0
1,0,0.040810801,10,-10,0,1
0,0,0.083730303,9,-9,0,1
0,0,0.910848498,-9,-9,10,0
0,0,0.0550518,10,-3,2,0
0,0,0.744342029,10,-7,10,0
0,0,0.288429707,5,-5,10,0
0,1,0.520558596,-10,-10,10,0
1,1,0.1436667,-7,-7,10,1
1,1,0.616050124,9,-8,0,1
0,0,0.140389293,7,-7,8,0
0,1,0.475847095,-1,-10,10,1
0,0,0.094299302,-7,-9,10,0
0,0,0.303693801,10,-8,1,1
1,1,0.041891899,8,-8,8,1
0,1,0.424449086,-3,-9,2,1
0,0,0.625299275,-3,-8,2,1
1,0,0.006043,-5,-8,10,0
0,1,0.241150007,8,-10,0,1
0,0,0.295831412,10,-1,10,0
1,0,0.53761369,10,-8,1,0
0,0,0.247252703,-4,-8,2,0
1,1,0.0153732,-7,-8,10,1
0,0,0.258643299,9,-7,9,0
0,0,0.0130783,10,-6,10,0
1,1,0.123505697,-8,-8,0,1
0,0,0.150605604,10,-3,1,0
1,0,0.558677316,10,-8,0,1
1,0,0.111501902,10,-7,10,0
0,0,0.41813311,10,-4,10,0
0,1,0.034207899,9,-7,9,0
1,1,0.045888402,10,-6,10,1
0,1,0.54807651,10,-7,1,1
1,1,0.020320101,10,-7,10,1
0,0,0.267415792,10,-6,10,0
0,0,0.133058295,-7,-7,11,0
0,1,0.094131701,9,8,9,1
0,1,0.580858111,10,-8,1,1
0,0,0.918247223,10,4,11,0
0,1,0.593771577,7,-9,7,1
0,0,0.897238016,-4,-7,8,0
0,0,0.730715275,-7,-8,8,0
0,1,0.374139011,10,-7,0,1
0,1,0.856383026,-1,-8,11,1
0,0,0.846110106,10,7,11,0
1,0,0.596703172,10,-8,0,1
0,1,0.528325081,10,-9,0,1
0,1,0.055969398,10,-9,1,1
0,0,0.043021299,-6,-10,11,0
0,0,0.670021296,-7,-8,3,0
0,1,0.840508819,-7,-8,3,0
0,0,0.143376604,10,-9,2,0
0,1,0.3641949,9,8,0,1
0,0,0.851405621,-7,-9,11,0
0,0,0.088803098,-7,-9,11,0
1,1,0.109461397,-8,-8,0,1
1,0,0.079717502,10,-7,3,1
0,0,0.713316977,10,-1,3,1
0,0,0.106786802,10,4,5,0
0,0,0.978622317,-7,-8,5,0
0,1,0.254580498,-5,-7,1,1
0,0,0.640506327,5,-10,11,0
0,0,0.077267602,10,-9,11,0
0,0,0.705159307,10,-10,11,0
0,0,0.3114115,10,-3,11,0
0,0,0.927545309,10,-7,11,0
0,1,0.917082071,10,-10,9,1
0,0,0.513640583,4,-7,11,0
0,0,0.831143677,-1,-7,11,0
1,0,0.016775399,10,5,11,1
1,1,0.022034399,10,-7,0,1
1,1,0.94050318,10,10,2,0
1,0,0.0526952,7,-8,3,0
0,1,0.704375386,-4,-8,1,1
0,1,0.187984496,8,-9,4,1
1,1,0.1121023,-8,-8,0,1
1,0,0.635837376,10,-8,0,1
0,0,0.266930014,10,-1,9,0
0,0,0.296222389,10,-7,10,0
1,1,0.445362002,10,-8,3,1
0,0,0.828484297,10,5,1,0
1,0,0.071233504,10,-8,4,1
0,1,0.360529214,4,-5,12,1
1,0,0.0016421,10,10,12,1
0,0,0.96211189,-4,-7,9,0
1,0,0.1039491,10,4,12,0
0,0,0.563300073,4,-3,12,0
0,1,0.294107795,-7,-7,2,1
0,0,0.056242,10,4,12,0
1,0,0.0275367,5,-5,12,0
1,0,0.0036969,10,-5,12,1
0,1,0.357008904,9,-7,0,1
1,0,0.584192872,10,-8,3,1
0,0,0.076913401,10,-5,12,0
1,0,0.193407193,10,-7,1,1
0,1,0.429146886,10,-4,2,1
0,1,0.518481612,4,4,12,1
0,1,0.450410098,5,-1,2,1
0,0,0.79343468,10,-10,12,0
0,0,0.562726617,8,-10,4,0
1,0,0.020602699,10,-9,11,1
0,0,0.549985886,10,-8,9,0
0,0,0.896515071,10,-7,12,0
0,0,0.350899905,10,-5,2,0
0,1,0.433601409,-3,-9,1,1
0,0,0.303626508,10,6,12,0
0,0,0.446799487,10,-9,12,0
0,1,0.385791808,-7,-9,3,1
1,0,0.027011899,8,-7,10,0
0,0,0.085427202,6,-9,12,0
1,0,0.038892001,10,-8,1,1
1,1,0.559637904,9,-8,1,1
0,0,0.094639502,-7,-9,12,0
0,0,0.171280295,5,4,12,0
0,0,0.074784301,-7,-9,12,0
0,0,0.223460898,10,8,10,0
0,0,0.064968102,-5,-8,4,0
1,0,0.330366313,5,-7,1,1
1,0,0.040348198,10,-7,0,1
0,0,0.912734926,10,-8,4,1
0,0,0.0167921,10,-9,6,0
1,1,0.332184106,10,-7,0,1
0,0,0.612697005,8,-5,2,0
1,0,0.0039957,10,-9,12,1
0,1,0.135729104,-5,-6,12,1
1,1,0.036967002,8,-8,2,1
0,0,0.407773614,10,-7,13,0
0,1,0.694933891,10,-9,0,1
0,1,0.542435408,10,2,10,1
1,1,0.028934499,5,-9,0,1
0,1,0.384596586,8,-7,11,1
1,0,0.0155878,10,10,4,1
0,0,0.959999979,-1,-7,7,0
1,1,0.113495901,-8,-8,0,1
0,0,0.584851503,10,-4,4,0
0,0,0.484143704,10,-5,13,0
0,0,0.890301287,10,8,11,0
1,1,0.0121973,2,-8,2,1
0,0,0.0515524,10,5,13,0
0,1,0.814673901,4,-7,1,1
0,1,0.841785729,8,-7,3,1
0,1,0.360301405,9,-7,0,1
1,0,0.021116501,10,-7,13,0
0,0,0.828528881,8,-5,3,0
1,0,0.0148116,10,-5,0,0
0,0,0.630800784,2,-5,3,0
0,0,0.551784575,10,-7,4,0
1,1,0.050962999,-7,-10,7,1
0,0,0.774999976,2,-9,13,0
0,0,0.355826706,10,-7,2,0
1,0,0.085738197,-7,-8,0,0
0,1,0.433185488,10,-4,0,1
0,0,0.144397303,-3,-7,5,0
0,1,0.077791698,-1,-9,13,1
0,0,0.157878995,-8,-9,5,0
1,1,0.044374298,-3,-8,2,1
0,0,0.787878811,-7,-8,7,0
1,0,0.0109674,10,-9,1,0
0,0,0.098613903,10,2,13,0
1,1,0.0207437,10,-7,13,1
0,1,0.558688521,-5,-10,5,1
0,0,0.971290112,-6,-7,13,0
0,0,0.093517497,10,10,13,0
0,1,0.469700307,5,-1,0,1
0,0,0.062630497,-7,-7,13,0
1,0,0.0387992,5,-7,13,1
0,1,0.434830487,-3,-9,0,1
0,0,0.830188572,10,-10,13,0
1,1,0.328260392,10,-7,0,1
1,1,0.102985598,-4,-7,10,1
0,0,0.818389893,-3,-9,5,0
1,0,0.142576203,6,-7,13,1
1,0,0.0044823,10,-9,13,1
0,0,0.273213506,6,-7,13,0
0,1,0.497881711,-5,-7,13,1
0,0,0.767151773,-6,-7,13,0
1,1,0.52937448,9,-8,0,1
0,1,0.218641803,-7,-9,1,1
0,0,0.67017293,10,-5,0,1
1,0,0.098008901,5,-5,4,1
1,0,0.082677603,10,-7,14,1
0,0,0.753883779,10,-5,14,0
0,1,0.231693998,-1,-7,6,1
0,0,0.182210699,10,-8,14,0
0,0,0.50498718,-7,-7,4,0
0,0,0.202193603,-1,-7,6,0
0,0,0.157462701,6,-7,8,0
1,0,0.018585701,10,10,14,0
0,0,0.71811533,2,-9,7,0
0,1,0.3584764,9,-7,0,1
0,0,0.255598992,10,2,14,0
0,1,0.486642987,5,-1,0,1
1,1,0.033041999,5,-9,0,1
0,0,0.618288398,-5,-7,14,0
0,0,0.650493324,4,-7,13,0
0,0,0.707810223,-7,-8,12,0
0,0,0.092512801,-7,-9,4,0
0,1,0.188906193,-1,-8,0,1
0,1,0.176391497,-7,-9,0,1
0,0,0.740168571,-9,-10,14,0
0,0,0.293729395,10,-8,3,0
1,0,0.0050089,-1,-7,6,1
0,0,0.341782302,8,-9,11,0
1,0,0.031741001,10,10,5,1
0,1,0.344044089,10,10,5,1
1,1,0.0115491,-8,-10,0,1
0,1,0.422607213,10,8,0,1
0,1,0.427758187,-3,-9,0,1
0,1,0.297904402,10,-7,0,1
0,1,0.832735121,-3,-8,6,1
1,1,0.1310132,8,-8,4,1
0,0,0.528730571,8,-1,12,0
0,0,0.787918389,4,-8,11,0
0,0,0.221843004,7,-6,12,0
0,0,0.383950889,8,-3,6,0
0,0,0.137459204,10,2,14,0
0,1,0.246553704,-7,-10,3,1
1,0,0.0078651,10,-7,4,0
0,1,0.97956419,10,-7,5,1
0,0,0.37371251,10,5,14,0
0,0,0.871829987,6,-9,14,0
1,0,0.001922,10,10,0,1
0,0,0.633333325,-5,-9,14,0
0,1,0.769466281,-7,-7,14,0
0,0,0.998352587,-5,-9,14,0
0,0,0.049159199,-6,-7,14,0
1,0,0.740912974,10,-8,1,1
0,0,0.49619171,8,-8,6,0
0,0,0.728277981,-3,-9,8,0
0,1,0.405950487,-7,-9,1,1
1,1,0.082346298,10,10,15,1
0,0,0.485337287,10,10,15,0
1,0,0.0128744,-7,-8,5,0
0,0,0.853897989,5,-7,15,0
0,0,0.231010199,10,-10,15,0
0,0,0.065925501,4,-10,15,0
0,1,0.25833261,-7,-10,0,1
0,1,0.407313496,10,-7,0,1
0,0,0.059267901,-7,-9,1,0
0,0,0.254839897,-1,-10,15,0
0,0,0.424788386,10,-7,9,0
0,1,0.303569198,10,-7,0,1
0,1,0.622614622,5,-8,4,1
0,0,0.922721922,5,-7,15,0
0,0,0.740243912,-7,-8,7,0
0,0,0.304176003,10,-10,15,0
0,1,0.357908487,9,-7,0,1
0,0,0.969272017,-1,-7,15,0
0,0,0.104930498,7,-7,1,0
0,0,0.434552193,10,-1,1,0
0,1,0.713978529,-7,-7,1,0
0,0,0.822255015,-5,-9,7,0
0,1,0.291604489,-5,-7,2,1
0,0,0.076148704,5,-6,15,0
1,1,0.352266908,10,-7,0,1
0,0,0.66495502,10,-5,0,1
0,1,0.184977502,7,-9,0,1
0,0,0.413436294,-3,-7,7,0
0,0,0.945454478,-4,-7,1,0
0,0,0.220113903,-4,-9,1,0
1,0,0.086869203,10,-9,15,0
1,1,0.034143601,5,-9,0,1
0,0,0.079061501,9,-9,4,1
0,0,0.837277889,-7,-7,14,0
0,0,0.267219901,-8,-9,8,0
0,0,0.073842302,-7,-8,12,0
0,0,0.331782907,10,-10,6,0
0,0,0.293577999,-1,-9,1,1
0,0,0.154929504,10,2,1,0
1,1,0.505777717,9,-8,0,1
0,0,0.027239401,10,-7,1,0
0,0,0.769605994,7,4,15,0
0,0,0.166648403,10,-9,7,0
0,0,0.035319101,-7,-7,1,0
0,1,0.563535929,-7,-8,1,0
0,0,0.027756,9,8,14,0
0,0,0.526408374,7,-7,1,0
0,0,0.122160599,2,-9,1,1
1,1,0.042762499,-3,-8,1,1
0,1,0.977133393,10,-7,1,0
0,1,0.228882805,-6,-8,1,1
0,0,0.245654106,5,-7,15,0
0,0,0.701321185,7,-9,15,0
0,0,0.833326221,10,-7,15,0
0,0,0.892499983,2,-7,15,0
0,0,0.953659177,10,-8,6,0
0,0,0.118230298,10,-9,15,0
0,0,0.471513987,6,-10,15,0
1,1,0.0174121,10,-7,0,1
0,0,0.821681082,-3,-9,16,0
0,0,0.829505682,10,-7,16,0
1,0,0.0046638,0,-7,16,0
0,0,0.964189291,8,-7,2,0
1,0,0.0200065,10,0,3,1
0,1,0.674279571,10,-9,0,1
0,1,0.728833199,-7,-8,0,1
1,0,0.0101255,-7,-7,6,0
0,0,0.147642106,10,5,7,0
0,1,0.315508008,-4,-7,2,1
0,0,0.849267781,10,-9,16,0
0,0,0.380042404,10,6,1,0
0,0,0.103465803,10,7,2,0
0,0,0.463664114,6,-9,8,0
0,0,0.273416609,-8,-9,6,0
0,0,0.221108094,10,7,14,0
0,0,0.297063887,-6,-9,2,0
0,1,0.370291591,10,-7,0,1
1,1,0.115854703,-8,-8,2,1
0,0,0.363157898,-8,-9,13,0
0,0,0.346715301,-2,-9,1,0
0,0,0.606658876,5,-6,16,0
0,0,0.490645587,10,-7,16,0
0,0,0.222080901,10,-7,6,0
0,0,0.493522286,10,10,7,0
0,0,0.038966399,-7,-9,2,0
0,0,0.105284899,10,5,16,0
1,0,0.0014818,-6,-8,16,0
0,1,0.223086998,-6,-9,0,1
1,1,0.379233509,10,-7,0,1
0,1,0.084629402,-1,-9,2,1
0,0,0.562004328,10,-8,8,0
0,0,0.356971115,10,-1,5,0
0,1,0.370527893,5,-3,16,1
1,0,0.049278099,10,-8,0,1
0,1,0.949999928,-7,-9,2,0
0,1,0.031861302,9,-9,15,1
0,0,0.685441911,5,-7,16,0
0,0,0.827320814,10,7,14,0
0,1,0.990740776,-1,-8,4,1
0,1,0.377208203,10,-7,0,1
0,1,0.945694327,10,-2,0,1
0,0,0.819982827,-5,-9,5,0
0,0,0.301447213,-7,-9,13,0
0,1,0.360093504,9,1,0,1
0,0,0.039953001,-7,-9,2,0
0,1,0.31288141,10,-2,1,1
0,1,0.394690812,-7,-9,0,1
0,0,0.173197895,10,6,1,0
0,1,0.285668612,-7,-10,16,1
0,0,0.236760095,-9,-9,4,1
1,0,0.0114458,10,10,14,0
0,1,0.418132812,10,-5,3,1
1,0,0.0180985,10,5,6,1
0,0,0.0340918,-1,-5,13,0
1,1,0.081926897,10,-7,1,1
1,1,0.828721583,-7,-8,13,1
0,0,0.222869396,5,-5,6,0
0,0,0.705445528,-3,-9,2,0
0,1,0.320987701,10,-5,16,0
0,0,0.171192303,4,-5,16,0
0,0,0.080670498,10,-7,2,0
0,0,0.082217596,4,-1,16,0
0,1,0.414300799,-3,-9,1,1
0,0,0.087571703,-7,-7,2,0
0,1,0.425875902,10,-7,1,1
0,0,0.2182796,7,-8,1,0
0,0,0.697053015,4,-7,17,0
1,1,0.907460928,10,-7,0,1
0,0,0.139292195,8,-9,3,0
0,0,0.680316329,10,10,17,0
1,0,0.170432895,-7,-8,17,0
0,1,0.513911605,2,-7,13,1
1,0,0.049160101,10,-8,0,1
0,0,0.653658509,10,-7,7,0
0,1,0.210610196,10,-5,6,1
0,1,0.360792488,10,-7,0,1
0,0,0.059311599,-1,-8,14,0
0,0,0.434938103,10,-9,17,0
0,0,0.320150614,5,-9,7,0
0,0,0.372950792,10,-7,17,0
0,1,0.819413126,8,-9,12,1
0,0,0.051591601,8,-8,1,0
0,1,0.384767503,10,3,0,1
0,0,0.0714157,-7,-7,17,0
0,1,0.377754986,-7,-9,0,1
0,0,0.0153754,10,-9,3,0
0,0,0.398236305,7,7,15,0
0,0,0.044296701,-7,-7,3,0
0,0,0.238545403,10,-5,1,0
0,0,0.0194926,8,-7,1,0
0,0,0.913838089,-3,-9,1,0
0,0,0.456493288,3,-7,14,0
0,1,0.52929163,6,-1,2,1
0,1,0.360303193,-3,-9,0,1
1,1,0.368376493,10,-7,0,1
0,1,0.217577696,7,-9,1,1
0,0,0.311675191,-9,-9,3,0
1,1,0.368293196,10,-7,0,1
0,0,0.893393397,-9,-9,7,0
0,1,0.53132391,10,4,4,1
0,0,0.731810212,-9,-10,9,0
0,0,0.782299817,10,-7,15,0
0,1,0.941313624,10,-7,0,1
1,1,0.0557088,-7,-10,3,1
0,0,0.0580865,-7,-10,3,0
0,1,0.627762079,10,-9,0,1
0,1,0.371817797,9,1,0,1
0,0,0.475662798,10,-5,11,1
0,0,0.717488825,7,-5,15,0
0,0,0.508023918,10,-9,17,0
1,0,0.0073365,10,-1,7,1
0,0,0.387556702,10,-6,17,0
0,0,0.249097496,10,-7,3,0
0,1,0.721446872,3,-8,0,1
1,1,0.0183692,10,-7,8,1
1,0,0.642495394,5,3,17,1
0,1,0.967873812,-1,-8,0,1
1,1,0.116722897,-8,-8,0,1
0,0,0.082261696,7,-7,1,0
1,0,0.0133355,10,0,0,1
0,0,0.299257994,5,-9,17,0
0,0,0.2058319,8,-7,3,0
0,0,0.840470016,10,-7,18,0
0,1,0.202264503,10,-5,0,1
0,0,0.426401913,8,-7,16,0
1,0,0.0470002,10,-8,0,1
0,0,0.48284629,10,-9,2,0
1,0,0.0021651,10,-8,3,0
0,1,0.979591787,-3,-5,2,1
0,0,0.779697418,10,1,17,0
0,0,0.122400902,-9,-9,10,0
1,0,0.0069723,10,-9,11,1
0,0,0.33413741,10,-7,18,0
0,0,0.117076598,4,-7,4,0
0,1,0.248300999,10,-7,18,1
0,0,0.134180307,-1,-7,4,0
0,0,0.237150103,2,-3,10,0
0,1,0.350476086,-3,-9,0,1
1,0,0.491256088,10,-8,1,1
0,0,0.176487297,10,-5,15,0
0,1,0.363162905,9,1,0,1
1,1,0.386649609,10,-7,0,1
0,0,0.045867998,-5,-9,15,0
0,1,0.362543911,10,-7,0,1
0,0,0.429187387,10,-8,15,0
0,0,0.539437473,10,-7,2,1
0,0,0.563591003,-7,-9,4,0
0,0,0.297263503,3,-9,15,0
0,0,0.088870898,-7,-9,4,0
1,1,0.0611149,10,-7,8,1
0,0,0.341391891,2,-7,18,0
0,0,0.79020828,10,6,18,0
0,0,0.817902625,-1,-7,8,0
0,0,0.702568293,-5,-8,15,0
0,0,0.716803789,0,-9,18,0
0,0,0.118019201,3,-9,8,0
0,1,0.943554521,10,-7,0,1
0,0,0.340611309,10,10,2,0
0,0,0.072207101,-7,-7,4,0
0,1,0.293524712,-7,-10,0,1
0,1,0.631637216,10,-9,0,1
1,1,0.595522821,9,-8,0,1
1,0,0.004096,5,-7,4,1
0,0,0.143853799,-1,-7,4,0
0,0,0.771512985,1,-1,17,0
1,0,0.051738601,10,-7,1,1
0,1,0.290016502,7,-9,4,0
0,1,0.377242386,-7,-9,0,1
0,0,0.673813224,-1,-8,4,0
0,0,0.043956,-7,-8,18,0
0,1,0.69437021,3,-8,0,1
0,1,0.377022296,10,3,0,1
0,0,0.408080786,-6,-7,18,0
1,1,0.372058302,10,-7,0,1
0,0,0.318132788,-8,-9,10,0
1,1,0.803675771,-7,-8,1,1
0,0,0.898746371,2,-9,18,0
0,1,0.523923397,6,-1,0,1
0,0,0.1330152,5,-1,18,0
1,0,0.007215,10,-9,0,1
0,0,0.0258766,8,-7,3,0
0,1,0.152222306,-7,-9,1,1
0,1,0.507614315,10,2,5,1
0,0,0.625,10,7,5,0
0,1,0.294605911,9,-7,2,1
0,1,0.388888806,-7,-9,0,1
0,0,0.0175585,9,-6,5,0
0,0,0.258455306,10,-10,19,0
0,0,0.41234839,7,7,9,0
0,0,0.056883801,8,-7,3,0
0,1,0.365538687,9,1,0,1
0,0,0.991146207,10,5,19,0
0,0,0.442906588,10,2,19,0
0,0,0.190339401,-7,-9,19,0
1,0,0.015308,10,-9,7,0
0,0,0.818739116,7,-7,9,0
0,0,0.603550315,2,0,2,0
1,1,0.816170514,-7,-9,0,1
1,0,0.069503799,10,-7,19,0
0,0,0.048593,-6,-7,5,0
0,0,0.020830899,10,2,13,0
0,0,0.137188107,-1,-5,19,0
0,0,0.945255518,0,-9,7,0
0,0,0.788489282,10,1,18,0
0,1,0.029519601,9,-9,2,1
0,0,0.545129299,-3,-7,11,0
0,0,0.029618099,10,-9,3,0
0,0,0.564001918,-5,-10,16,0
0,1,0.470452011,-7,-9,1,0
0,0,0.0188183,-6,-7,5,0
0,1,0.529285073,6,-1,0,1
0,0,0.109992303,-4,-7,19,0
0,0,0.070382103,10,-8,19,0
0,0,0.667335689,-3,-8,8,1
0,0,0.363636404,2,-6,5,0
1,1,0.405814499,10,-7,0,1
0,0,0.535433114,10,-9,19,0
0,0,0.122163802,2,1,2,0
0,1,0.339991003,-3,-9,0,1
0,0,0.309848994,-6,-9,5,0
0,1,0.763318777,7,2,2,1
0,0,0.238744006,10,-7,17,1
0,1,0.437418699,9,-5,2,1
0,1,0.593941092,-5,-10,3,1
0,0,0.223330006,7,-9,3,0
0,1,0.918047309,-3,-7,11,0
0,0,0.236779302,10,-9,19,0
0,0,0.917874515,7,-9,5,0
0,1,0.195933506,10,-5,0,1
0,0,0.380288094,10,-9,5,0
1,0,0.048174601,10,-8,0,1
1,1,0.59179002,9,-9,0,1
1,0,0.364793211,10,-7,2,1
0,0,0.273175597,-7,-7,13,0
0,0,0.471151888,10,-5,1,1
1,0,0.0022956,-7,-9,4,0
0,0,0.303507388,10,1,18,0
0,0,0.428429395,10,-6,5,0
0,1,0.232727304,7,-9,0,1
0,0,0.0120473,10,-6,19,0
0,0,0.137767404,9,7,18,0
0,1,0.26047951,-7,-10,0,1
0,0,0.091531403,10,-9,5,0
0,0,0.1404358,10,-7,5,0
0,0,0.885446727,6,-7,19,0
0,0,0.992125988,8,-1,19,0
0,1,0.990269423,10,-7,0,1
0,0,0.876142979,5,-7,17,0
0,0,0.609765828,-1,-7,19,0
0,1,0.416190505,7,-9,3,1
0,1,0.92753619,7,0,5,0
0,1,0.242718503,-6,-9,2,1
0,0,0.0498363,4,-7,5,0
0,0,0.024065999,-7,-7,6,0
0,0,0.782808483,5,-10,20,0
0,0,0.436996013,7,-7,18,0
0,0,0.573152304,2,-7,6,0
0,1,0.976978421,10,-7,0,1
0,0,0.283948302,-1,-7,20,0
0,0,0.566712499,3,-9,6,0
0,0,0.221173495,10,-10,14,0
0,0,0.183935896,10,-1,20,0
0,0,0.075740002,-7,-8,6,0
0,0,0.424986392,10,9,19,0
0,1,0.272973686,-7,-10,0,1
0,0,0.874729991,3,2,2,0
0,0,0.245943695,10,-7,6,0
0,1,0.622718096,-7,-9,5,1
0,0,0.0140343,10,-7,14,0
0,0,0.422857195,10,-7,6,0
1,0,0.1012052,10,-9,12,1
0,0,0.896727979,9,-7,20,0
0,0,0.243243203,10,0,20,0
0,0,0.1500175,-9,-9,2,0
0,0,0.372199386,10,-7,6,0
0,0,0.134302497,10,4,4,0
0,1,0.594106793,-5,-10,0,1
0,0,0.395112008,10,-7,20,0
0,1,0.357019097,7,-9,6,1
0,0,0.445033103,-7,-9,6,0
0,0,0.099241897,10,0,20,0
0,0,0.0250243,-6,-7,6,0
1,0,0.51452601,10,-6,0,1
1,0,0.133431107,10,-9,20,1
1,0,0.0154818,10,0,0,1
0,0,0.87379688,6,-7,20,0
0,0,0.266097188,2,-9,2,1
1,0,0.312597185,10,-7,20,0
0,1,0.352703989,9,1,0,1
0,0,0.357708693,4,-9,10,0
0,0,0.118705697,3,-9,10,0
0,0,0.281938314,5,-9,20,0
0,0,0.871194422,-4,-9,20,0
0,0,0.318329692,-7,-9,10,0
0,1,0.854477584,0,-8,20,0
0,0,0.392248601,6,-9,10,0
0,1,0.899082482,-9,-9,6,1
1,1,0.107976601,-8,-9,0,1
1,0,0.1272192,9,-9,12,0
0,0,0.0400295,3,-7,6,0
1,0,0.050992299,5,0,3,0
0,0,0.645161271,8,-9,6,0
0,1,0.358517796,10,3,1,1
1,0,0.0171344,10,-7,9,0
1,1,0.892971992,10,-7,0,1
1,0,0.117964499,10,-6,17,0
1,1,0.827719808,-7,-9,0,1
0,0,0.690909088,-7,-9,6,0
0,0,0.576470613,-7,-9,8,1
0,0,0.0331438,10,-1,20,0
0,0,0.398221999,-9,-9,6,0
0,0,0.948288381,10,0,3,0
0,0,0.515346229,10,0,3,0
0,0,0.059113301,10,-9,5,0
0,0,0.331034511,-7,-7,6,0
0,1,0.232727304,7,-9,0,1
0,0,0.73007369,7,-3,10,0
0,0,0.112522699,10,-7,6,0
1,0,0.0028781,10,-9,8,1
0,0,0.099512197,10,-6,20,0
0,0,0.180564299,6,0,20,0
0,1,0.126712307,-5,-9,4,1
1,0,0.0029148,10,-7,15,0
1,0,0.348713398,10,-7,1,1
0,0,0.067469202,-9,-9,7,0
0,0,0.674033225,9,-7,10,0
0,0,0.357275695,10,9,19,0
0,0,0.879246116,6,-9,11,0
0,0,0.240340605,10,0,4,0
1,0,0.0095077,-2,-9,2,0
0,0,0.082440399,3,-7,18,0
0,1,0.391691387,-3,-9,0,1
0,0,0.226987794,10,8,21,0
0,0,0.148589596,-4,-7,21,0
1,0,0.017500799,9,-7,10,1
1,1,0.426317513,10,-7,1,1
0,0,0.041761901,3,-7,7,0
0,1,0.540592015,6,-9,1,1
1,0,0.0126405,5,-7,7,0
1,1,0.61255461,9,-9,0,1
0,0,0.93877548,-7,-8,7,0
1,0,0.0203274,10,-5,8,0
0,0,0.232955694,10,-9,7,0
0,0,0.827348471,10,9,19,0
0,0,0.2889992,10,-2,2,0
0,0,0.0208563,4,1,1,0
0,0,0.035992701,10,-7,7,0
0,1,0.495745897,9,-7,2,1
0,0,0.049522199,10,-9,14,0
1,0,0.018115999,5,-1,21,0
1,1,0.830224574,-7,-9,0,1
1,1,0.104608797,3,-7,1,1
0,0,0.064588502,-7,-8,21,0
0,0,0.0119098,1,-7,7,0
0,1,0.384187311,10,-9,4,1
0,0,0.066573597,3,0,18,0
0,0,0.0822239,3,-9,18,0
0,0,0.387118191,-9,-9,11,0
0,0,0.081606999,10,-7,7,0
0,0,0.719101191,-3,-7,7,0
0,1,0.367799193,9,1,0,1
0,0,0.839742124,-9,-9,7,1
0,0,0.829568684,4,-3,21,0
0,0,0.053791899,10,8,5,0
0,0,0.157954007,10,3,18,0
0,0,0.167714804,-1,-7,21,0
0,0,0.036894899,10,-6,21,0
0,0,0.81139338,10,3,21,0
1,0,0.0070146,10,-1,3,1
0,0,0.054977801,10,10,10,0
0,0,0.699186981,-7,-9,3,0
0,0,0.748495817,-6,-7,5,0
0,0,0.288248301,10,-7,7,0
1,1,0.106008798,-8,-9,0,1
0,0,0.262781709,10,7,7,0
0,1,0.272794604,-7,-10,0,1
0,0,0.426404208,10,-6,5,0
0,0,0.607034683,7,-6,21,0
0,0,0.178083494,7,3,18,0
0,0,0.045208801,9,-7,6,0
0,0,0.196078405,10,-7,2,0
0,0,0.028917599,-7,-9,6,0
0,0,0.324942797,10,-7,10,0
0,0,0.123599902,-7,-9,7,1
0,0,0.28793779,7,-9,6,0
0,1,0.247411996,7,-9,0,1
1,0,0.0104758,10,-9,0,1
0,0,0.9538064,6,-7,21,1
0,1,0.422421306,10,-7,10,0
0,0,0.393724293,5,3,21,0
0,1,0.913946629,-9,-9,0,1
0,1,0.491264105,7,0,2,1
0,0,0.32921809,-6,-7,5,0
0,1,0.719848812,7,-9,11,1
0,0,0.2090514,-7,-10,21,0
0,0,0.515436292,-2,-7,2,0
0,1,0.97032541,9,-7,0,1
0,0,0.0307144,-7,-7,7,0
0,1,0.471825093,-7,-9,0,1
0,0,0.628422379,7,3,8,0
0,0,0.347343296,-7,-9,15,0
1,0,0.0317498,6,-7,22,1
0,0,0.0030223,10,10,3,0
0,0,0.0082015,10,-9,14,0
0,0,0.365018696,10,9,13,0
0,0,0.237070903,10,-7,8,0
0,0,0.0071212,10,4,3,0
1,0,0.0487491,10,-9,0,1
0,0,0.188481703,-7,-8,22,0
0,0,0.516338885,10,-8,14,0
0,0,0.057808802,-9,-9,7,0
0,0,0.98288691,6,-7,0,1
0,0,0.150669098,4,0,4,1
0,0,0.972933292,4,-9,20,0
0,0,0.975745022,5,-9,22,0
0,0,0.234432206,-9,-9,20,0
1,1,0.460828513,10,-7,0,1
0,0,0.1491054,10,-9,8,0
0,0,0.782407403,3,-7,8,0
0,0,0.465572208,-9,-9,12,0
0,0,0.111798503,-7,-9,7,0
0,1,0.552807987,10,5,11,1
0,0,0.0145023,9,-9,8,0
0,0,0.561824679,-4,-8,22,0
0,0,0.555720687,7,-9,8,0
0,0,0.0032803,10,1,2,0
0,0,0.159453303,10,-7,22,0
1,0,0.0102665,10,-9,0,1
1,0,0.062598899,10,-7,3,1
0,0,0.496487111,-9,-9,8,0
0,0,0.481530309,5,-9,15,1
0,1,0.0257558,9,-9,2,1
0,0,0.0246046,10,-7,20,0
1,1,0.871182203,10,-7,0,1
0,1,0.958563626,9,-7,0,1
0,1,0.71767813,7,-6,6,1
0,1,0.1161917,3,-6,8,0
1,0,0.078937799,-7,-9,22,1
1,0,0.0026982,10,5,22,0
0,0,0.399636388,10,-10,11,0
1,0,0.462192714,10,-9,3,1
0,0,0.917833209,9,-9,6,1
0,0,0.039332699,10,-7,6,0
0,0,0.077473603,2,-3,7,0
1,0,0.158664793,-7,-9,8,1
0,0,0.0310205,10,-7,22,0
1,1,0.806413114,-7,-9,0,1
0,0,0.72140038,-7,-7,22,0
0,0,0.025616501,10,-7,8,0
0,0,0.035123002,10,10,22,0
0,0,0.101605698,7,-7,8,0
1,0,0.009407,-7,-7,11,1
1,0,0.09629,4,-9,22,0
0,0,0.988703787,10,-10,22,0
0,0,0.111172199,-7,-7,22,0
0,0,0.526970983,-7,-9,8,0
0,0,0.420673013,8,-7,6,0
0,0,0.0145243,10,-7,3,0
0,0,0.945809484,10,-7,13,0
0,0,0.313178301,-6,-6,6,0
1,0,0.0240034,10,-7,22,0
0,1,0.462009192,9,2,2,1
1,0,0.00334,10,-9,4,0
0,1,0.38685739,-3,-9,0,1
0,0,0.417959601,-9,-9,6,0
0,0,0.0261585,-7,-10,8,0
0,0,0.703601122,-7,-8,8,0
0,1,0.413542986,-3,-10,1,1
0,1,0.448945493,2,-9,0,1
0,0,0.018634601,9,-8,3,0
0,0,0.358741909,10,-9,15,1
0,0,0.181008101,10,-7,23,0
0,0,0.119343303,10,-10,23,0
1,1,0.0496695,-7,-9,9,1
0,0,0.249376506,7,-7,23,0
0,1,0.589057326,-7,-10,2,1
0,1,0.370034486,9,-2,1,1
0,0,0.066566303,10,-5,7,0
0,1,0.752186477,-7,-9,9,1
0,0,0.899169683,-7,-9,9,0
0,0,0.1049188,10,-7,9,0
0,0,0.614318609,10,-6,9,0
1,0,0.0209898,10,-7,6,1
1,0,0.0038842,-7,-7,17,0
0,0,0.6412884,-7,-7,9,0
0,0,0.55217129,10,-7,23,0
0,0,0.848192811,-7,-7,7,0
0,1,0.995124519,10,10,23,1
0,0,0.891139328,-7,-7,7,0
0,0,0.0249712,10,-9,9,0
0,0,0.0280181,10,-6,23,0
0,0,0.31506151,6,-7,20,0
0,0,0.548855305,3,2,20,0
0,0,0.64415592,8,3,12,0
1,0,0.018550901,9,-7,1,0
0,0,0.375296801,9,-3,1,0
0,0,0.026983,9,-7,3,0
0,1,0.902325511,4,0,2,1
0,0,0.1196872,-7,-7,7,0
1,0,0.147720307,-7,-7,20,0
0,0,0.122258201,-7,-9,1,1
0,0,0.924286425,-7,-7,23,0
0,0,0.024654601,9,-7,3,0
0,0,0.236011595,10,-9,17,0
1,1,0.023451701,10,-7,8,1
0,0,0.284494013,-7,-9,5,1
0,0,0.102226697,-9,-9,11,0
0,0,0.282828301,9,-9,5,0
0,0,0.922141075,-1,-9,9,0
0,0,0.346606493,-8,-9,15,1
0,0,0.903954685,0,-7,5,0
0,0,0.506527424,0,-7,5,0
0,1,0.159399897,-7,-9,3,1
1,1,0.641163886,9,-9,1,1
0,0,0.321642786,10,-7,23,0
0,0,0.084671497,1,-10,3,0
0,0,0.952523112,10,-9,23,0
0,1,0.251832098,-5,-10,2,1
0,0,0.260408312,10,-10,14,0
0,0,0.975845516,-7,-9,11,0
0,0,0.109026901,-7,-7,7,0
0,0,0.153718397,1,-7,8,0
0,0,0.0573771,10,10,4,0
0,0,0.198400006,-7,-7,7,0
0,0,0.176059604,10,-5,2,0
0,0,0.858329713,-9,-9,1,1
1,1,0.798336685,-7,-9,0,1
0,0,0.860841393,-6,-9,9,0
0,1,0.040474501,7,1,1,1
0,1,0.533607006,-7,-7,23,0
1,0,0.052295201,10,-9,0,1
1,0,0.466555804,10,-7,23,1
0,0,0.165137604,10,-7,23,0
0,0,0.236995697,10,-9,7,0
0,0,0.830372214,-7,-9,9,0
0,1,0.025438899,9,-9,0,1
0,1,0.477913886,2,-7,5,1
0,0,0.29142639,-7,-9,9,0
0,0,0.134486303,3,-3,15,0
0,0,0.472715586,10,-7,23,0
0,1,0.891265571,0,-1,23,1
0,0,0.045147799,-7,-8,20,0
0,0,0.538687587,-9,-9,8,0
0,0,0.591093183,8,-7,7,0
0,0,0.0073892,10,4,4,0
0,0,0.367346913,10,-7,9,0
0,0,0.0023224,10,1,3,0
0,1,0.1028938,10,4,3,1
1,1,0.467765599,10,-7,0,1
0,1,0.169979498,8,-9,23,1
0,1,0.372848898,9,-2,0,1
0,0,0.983893812,9,-9,1,1
0,0,0.039094299,-7,-7,10,0
1,0,0.021614701,10,-7,10,0
0,0,0.380229592,-6,-9,14,0
0,1,0.390621513,9,-7,0,1
0,0,0.169083804,-7,-7,10,0
0,0,0.077327102,10,-4,10,0
0,0,0.559761822,10,-9,24,0
0,0,0.045089599,10,-7,10,0
0,0,0.452185214,-7,-7,24,0
1,0,0.373304814,8,-10,24,0
0,1,0.040425502,9,1,0,1
0,0,0.581209779,-7,-7,10,0
1,1,0.890377283,10,-7,0,1
0,0,0.151746705,10,-7,10,0
0,1,0.740090489,3,-9,0,1
0,0,0.273398995,-1,-7,10,0
0,1,0.754854321,1,0,24,1
0,0,0.787562788,-7,-9,24,0
0,0,0.140730694,-6,-7,24,0
0,0,0.382264405,8,2,22,0
0,0,0.976127386,-7,-7,10,0
0,0,0.590798974,-5,-9,6,0
0,0,0.224293098,9,-9,24,0
0,1,0.110763296,1,-6,10,0
0,0,0.149375096,3,-7,9,0
1,0,0.316666692,10,-7,2,1
0,0,0.020494699,-9,-10,4,0
1,0,0.0141201,10,-9,12,1
0,0,0.381347209,-3,-7,7,0
0,0,0.094836399,-7,-9,9,0
0,0,0.68704617,-7,-9,8,0
1,0,0.0175664,-7,-9,24,1
0,1,0.907578588,4,0,0,1
0,0,0.122621499,8,-9,4,0
0,0,0.368586391,-7,-9,10,0
0,0,0.486157894,-7,-7,24,0
0,0,0.808471382,10,-7,24,0
0,1,0.70211798,-9,-9,3,1
0,0,0.032363199,10,4,5,0
0,0,0.269855499,9,9,23,0
0,0,0.474999994,-6,-7,3,0
0,0,0.310850501,-4,-9,9,0
0,0,0.830188572,10,10,5,0
0,0,0.338362098,8,3,8,0
0,0,0.293370992,10,-6,24,0
0,0,0.0008664,10,0,2,0
0,0,0.436332703,9,3,13,0
0,0,0.466535389,-8,-9,24,0
0,0,0.210797802,-7,-9,14,0
0,0,0.361545295,-7,-9,14,0
1,0,0.027180901,-7,-7,24,1
0,0,0.209863499,-9,-9,7,1
0,0,0.112704903,10,9,24,0
0,1,0.571100593,-7,-10,0,1
0,1,0.173053503,8,-9,0,0
0,0,0.327533096,-2,-7,23,0
1,0,0.0165803,10,10,10,0
0,1,0.387969911,0,-9,7,1
0,0,0.135449797,3,-9,11,0
0,0,0.310939312,10,2,25,0
0,0,0.285500586,-7,-7,25,0
0,1,0.476821214,-5,-7,9,1
0,1,0.684931517,-7,-7,2,1
0,0,0.460732907,-1,-7,11,0
0,0,0.117841497,-7,-8,15,0
0,1,0.376114994,9,-2,0,1
0,0,0.459130406,-7,-7,11,0
0,0,0.546984613,1,-7,11,0
0,1,0.717922091,-7,-7,25,1
1,0,0.139895007,-6,-8,25,0
0,0,0.259878904,3,-9,22,0
0,0,0.497221589,6,-7,25,0
0,0,0.167069405,-7,-7,11,0
0,0,0.542604625,10,-9,9,0
0,0,0.042799398,10,10,25,0
0,0,0.160747603,4,0,0,1
0,0,0.208512694,9,-9,11,0
0,0,0.007425,10,4,6,0
0,0,0.040043801,7,-7,11,0
0,0,0.994997978,10,-7,17,0
0,0,0.385136813,10,-9,16,0
0,0,0.230411097,10,10,25,0
0,0,0.045554999,-7,-8,22,0
0,0,0.609813809,8,-9,15,0
0,0,0.81174171,-6,-10,25,0
0,1,0.868277907,9,-9,0,1
0,0,0.147834405,3,0,22,0
0,1,0.696007311,-9,-9,0,1
1,0,0.104324698,8,5,14,0
0,0,0.134533197,-7,-9,13,0
0,0,0.070806302,-6,-7,10,0
0,0,0.293333292,0,-7,11,0
1,1,0.085782297,-7,-7,25,1
1,1,0.039896,10,10,25,0
0,0,0.151310906,10,-7,25,0
0,0,0.106653497,-3,-9,23,0
0,0,0.0969567,0,-10,25,0
1,0,0.0224187,9,-7,0,1
1,1,0.591699421,9,-8,1,1
0,0,0.024153501,9,8,24,0
0,0,0.458583504,-6,-9,10,0
0,0,0.069862202,10,-7,25,0
0,1,0.397341698,10,-9,3,1
0,0,0.958793998,1,-7,11,0
0,0,0.211034805,-9,-9,9,0
0,0,0.041354898,10,-6,25,0
1,1,0.029809499,10,-7,8,1
0,0,0.919664323,8,-9,23,0
0,0,0.208142996,10,-7,16,0
0,0,0.703703582,9,8,3,0
0,1,0.523142695,-7,-10,0,1
0,1,0.803953171,-7,-7,18,1
0,1,0.85510689,-7,-8,25,0
1,0,0.0082335,10,0,3,1
0,0,0.080532402,-7,-7,11,0
0,0,0.303088486,-7,-8,15,0
0,0,0.59331578,9,-3,8,0
0,0,0.59211731,0,-3,25,0
0,1,0.150129393,-7,-9,0,1
0,0,0.0054878,9,8,9,0
0,0,0.605177999,5,5,14,0
0,1,0.839416027,-7,-7,9,1
0,0,0.800907016,-3,-8,5,1
1,0,0.0117533,10,-7,9,0
0,0,0.498333305,8,-8,23,0
0,0,0.359807491,-7,-9,13,0
0,1,0.0946237,10,-7,6,1
0,1,0.730844915,-3,-6,4,1
0,0,0.866826713,-7,-7,25,1
0,0,0.294017106,0,-9,1,1
0,0,0.605177999,5,-3,14,0
0,0,0.0822898,10,-7,11,0
0,0,0.051426899,10,-10,7,0
0,0,0.625,-7,-9,11,0
0,0,0.307692289,10,8,6,0
0,0,0.995284677,1,-7,23,0
0,0,0.0258139,1,-7,6,0
0,0,0.154362395,-7,-7,12,0
0,0,0.738351226,10,-10,1,0
1,0,0.0128812,-7,-8,15,0
1,0,0.0088719,10,-5,0,1
0,0,0.0201819,1,-8,1,0
0,1,0.192614093,-1,-7,26,0
0,0,0.036464602,1,-7,12,0
0,0,0.107790798,-8,-9,1,0
0,0,0.43166101,-7,-9,18,0
0,0,0.263898998,8,4,24,0
0,0,0.080335699,10,-9,12,0
1,0,0.0016061,-6,-7,26,0
0,0,0.244656995,5,-7,15,0
0,0,0.434350103,4,-9,5,0
0,0,0.472813189,-7,-7,12,0
0,0,0.493603289,-7,-10,12,0
0,0,0.0073309,10,4,7,0
0,1,0.856562972,-7,-7,0,1
0,0,0.2091984,4,-10,7,0
0,0,0.168068796,8,1,23,0
0,1,0.248831406,-7,-8,4,1
0,0,0.053011999,10,-7,7,0
0,0,0.297752887,-9,-9,0,1
0,0,0.301354796,5,-7,15,0
1,1,0.970942318,10,-7,1,1
0,0,0.156188995,-7,-9,12,0
0,0,0.418263108,6,4,7,0
0,0,0.015419,9,-7,2,0
0,0,0.0093422,10,-8,20,0
0,0,0.422927499,10,-7,26,0
0,0,0.615034223,-7,-8,12,0
0,0,0.145112604,10,-9,16,0
0,0,0.793319523,-7,-9,18,0
0,0,0.064361498,-7,-9,8,0
0,0,0.089912802,-3,-7,18,0
0,0,0.525180578,10,-7,26,0
0,0,0.0249271,9,-7,10,0
1,1,0.017584,-7,-7,26,0
0,0,0.261224508,10,10,6,0
0,0,0.848484814,-1,-3,26,0
0,0,0.306537211,10,-7,26,0
0,0,0.528883219,-3,-7,12,0
0,1,0.624242425,-6,-10,1,1
0,1,0.335873008,-7,-9,10,1
0,0,0.141930595,-7,-7,10,0
0,1,0.630289614,-7,-7,16,1
0,0,0.266032785,10,9,25,0
0,0,0.404499799,-7,-9,11,1
0,0,0.243940905,-7,-9,0,1
0,0,0.090338297,10,-4,12,0
0,0,0.599104285,-7,-9,24,0
0,0,0.905222416,5,-7,20,0
1,0,0.0118519,10,8,10,0
0,0,0.407095701,10,-7,12,0
0,0,0.856407583,-7,-9,26,0
0,1,0.966233671,-5,-7,7,1
0,0,0.035677101,10,-10,26,0
1,0,0.0346159,10,1,26,1
0,0,0.396989197,10,9,25,0
0,0,0.045651801,10,-7,12,0
0,1,0.115942001,7,-7,26,0
0,0,0.227979302,8,5,10,0
1,0,0.026618799,10,-7,2,1
1,0,0.0020977,10,10,11,1
0,0,0.481927812,-7,-8,12,0
0,0,0.231855407,5,-9,26,0
0,0,0.878556609,-7,-7,10,0
0,0,0.588921309,-8,-9,1,0
0,0,0.444599509,-5,-8,19,0
0,1,0.396825403,-7,-7,12,0
1,0,0.81651938,10,-8,0,1
0,0,0.199942201,10,-8,11,0
0,0,0.270414889,-7,-8,1,0
0,0,0.291228086,-7,-9,12,0
0,0,0.0197076,10,9,2,0
0,0,0.590418518,10,-7,26,0
0,0,0.051464099,8,-7,13,0
0,1,0.094221704,10,7,27,0
0,0,0.569536388,-7,-10,27,0
0,1,0.961038888,-7,-7,0,1
0,0,0.540540576,10,9,5,0
1,0,0.0069957,10,-7,2,1
1,0,0.0199761,10,-9,2,1
0,0,0.019315399,10,-7,13,0
0,0,0.532758594,10,-9,9,0
0,0,0.640106201,-7,-9,27,0
0,0,0.0081336,9,-7,13,0
0,0,0.577241421,9,-3,10,0
0,1,0.350710899,-7,-7,11,1
0,0,0.737160087,-3,-9,13,0
0,0,0.572925806,10,4,8,0
0,0,0.193851694,-7,-8,27,0
0,0,0.368955612,-7,-9,13,0
1,1,0.849967718,-7,-8,3,1
0,0,0.945295513,10,-7,11,0
0,0,0.201634899,10,-10,27,0
0,1,0.970172584,4,-9,2,1
0,0,0.391269207,-7,-9,25,0
0,0,0.114180401,9,-9,3,0
0,0,0.354682714,4,-7,17,0
1,0,0.0056957,-7,-8,13,0
0,0,0.0449684,-7,-7,11,0
0,0,0.036363602,10,10,27,0
0,0,0.128449902,10,-2,8,0
1,0,0.0104419,4,-8,8,0
0,0,0.216563895,6,-7,16,0
0,0,0.331950188,9,-7,5,0
0,0,0.105056897,10,-8,27,0
1,1,0.573109984,9,-8,1,1
1,0,0.0027006,7,-8,13,0
0,0,0.428390414,7,-7,13,0
0,1,0.974789977,-7,-9,13,0
0,0,0.4621692,9,-7,21,1
0,0,0.132142901,7,-9,9,0
0,0,0.295745492,9,-10,25,0
0,1,0.0477078,-7,-7,2,0
1,0,0.086845897,10,-7,4,1
0,0,0.957397282,-7,-9,9,1
0,1,0.327244401,-7,-9,0,1
0,0,0.409696907,7,4,8,0
0,0,0.459352911,8,-7,26,1
0,0,0.572238028,-5,-7,16,0
1,0,0.696538389,10,10,21,0
1,0,0.034247499,10,-9,14,0
0,0,0.0565238,9,-7,7,0
0,0,0.96970892,-7,-7,27,0
0,0,0.505494475,10,-9,8,0
0,0,0.509871185,-2,-7,8,0
0,0,0.588235319,-7,-7,7,0
0,0,0.634719372,10,7,27,0
0,0,0.2470496,-7,-9,0,1
0,1,0.170721695,6,-8,3,1
0,0,0.216718301,-5,-6,6,0
0,0,0.166255102,-9,-9,2,1
0,0,0.032258,8,-7,13,0
0,1,0.653846085,-6,-10,0,1
0,0,0.669434071,10,-7,27,0
0,0,0.143848896,-9,-9,9,1
0,0,0.597447217,-3,-9,13,0
0,0,0.257112592,9,-8,24,0
0,0,0.788671017,-1,-7,13,0
0,0,0.338138908,10,-7,2,0
0,0,0.173766404,10,-9,9,0
1,0,0.005319,10,-7,13,0
0,1,0.891390681,-3,-7,7,1
0,0,0.0107832,10,-6,12,0
0,0,0.197692499,4,-9,17,0
0,0,0.220242396,-7,-8,27,0
0,0,0.320373297,10,-8,27,0
0,0,0.48721081,-7,-8,11,0
0,0,0.293398499,-7,-7,7,0
0,0,0.545882285,-7,-9,9,0
1,0,0.080483802,10,-8,22,0
0,0,0.156513304,-6,-7,16,0
0,0,0.022185899,10,10,7,0
0,0,0.552982986,10,-8,27,1
0,0,0.123665497,-1,-7,27,0
0,1,0.611987412,-7,-10,0,1
0,0,0.0088344,10,-9,13,0
0,1,0.282051295,-7,-9,5,1
0,0,0.770918489,-3,-9,19,0
0,0,0.145418495,10,-3,27,0
0,0,0.699114978,-1,-3,27,0
0,1,0.404663414,-7,-7,24,0
0,0,0.035960902,10,-7,14,0
0,0,0.4135364,-7,-9,14,0
0,0,0.027494101,1,-7,14,0
0,0,0.036373299,1,-9,8,0
0,0,0.165166393,-7,-7,11,0
0,0,0.0059323,10,-8,9,0
0,0,0.0018219,10,10,19,1
1,0,0.0186185,10,-8,28,0
0,0,0.934647799,10,-7,1,0
0,1,0.732661724,9,-9,0,1
0,1,0.752671182,1,-9,2,1
0,0,0.120857097,6,-4,28,0
0,0,0.272435188,10,-7,28,0
0,0,0.536199093,10,-7,7,0
0,0,0.281058997,-7,-7,11,0
0,0,0.1931943,4,-9,0,1
0,0,0.928571522,-7,-7,14,0
0,1,0.949884295,4,-9,0,1
0,0,0.9255023,10,5,17,0
0,0,0.109434001,9,5,4,0
0,1,0.685655117,-7,-7,2,1
0,0,0.0279753,10,-9,19,0
0,0,0.807732582,10,-9,20,0
0,0,0.150047496,9,-7,7,0
1,0,0.038324099,-7,-8,28,0
0,0,0.521172583,4,-7,9,0
1,1,0.136954799,10,10,28,1
0,1,0.088709697,10,-6,2,1
1,1,0.096138701,-3,-8,2,1
0,0,0.915052772,-3,-8,2,1
0,0,0.436062604,-5,-7,7,0
0,0,0.088960603,-7,-7,14,0
1,1,0.851288319,-7,-8,0,1
1,1,0.0064722,-7,-8,25,1
0,1,0.153449893,10,10,28,0
0,0,0.841698885,-7,-7,13,0
0,0,0.342058897,10,-7,28,0
0,0,0.247319102,10,-2,9,0
0,0,0.63418287,-2,-4,9,0
0,0,0.0088853,10,-8,8,0
0,0,0.958715618,4,-9,9,0
0,0,0.203703806,10,-6,9,0
0,1,0.585517883,-7,-10,0,1
0,1,0.303030312,8,-7,12,1
0,0,0.420294613,-7,-8,28,0
0,0,0.027414599,10,-10,3,0
0,0,0.972307682,5,-6,14,0
0,0,0.247549102,-8,-9,3,0
0,0,0.747841775,-3,-9,20,1
0,0,0.718638122,-7,-9,28,0
0,1,0.2656416,9,5,5,1
0,0,0.964006305,-7,-9,0,1
0,1,0.907086611,-4,-7,14,1
0,0,0.661716223,-7,-7,17,0
1,0,0.173519596,-7,-8,25,0
0,0,0.071388498,-7,-7,14,0
0,0,0.67059958,10,-9,14,0
0,0,0.684553921,10,-9,28,0
0,0,0.180250302,9,-1,26,0
1,0,0.038496599,9,-7,0,1
0,0,0.936415076,1,-7,25,0
0,0,0.706586778,10,-9,12,0
0,0,0.750885487,-7,-9,14,0
0,0,0.758333325,10,-9,16,0
1,0,0.0418614,10,8,28,0
0,0,0.504854321,-7,-7,3,0
0,0,0.168116003,9,-8,4,0
0,0,0.909896612,-7,-9,10,0
0,0,0.026120299,9,-7,27,0
0,0,0.207413897,9,-10,28,0
0,0,0.145202503,-7,-7,12,0
0,0,0.304643303,5,-8,17,0
0,0,0.461501986,9,-6,28,0
0,1,0.67672962,-3,-8,28,0
0,0,0.295082003,-4,-9,14,0
0,0,0.484848499,-9,-10,10,0
0,1,0.847631216,-7,-7,0,1
0,0,0.440506309,-9,-10,3,0
0,0,0.071447,-7,-9,14,0
0,0,0.065442704,10,10,28,0
0,0,0.127027005,-3,-4,20,0
0,0,0.0914286,5,-10,6,0
0,0,0.069279298,10,6,12,0
0,1,0.092436999,10,4,4,1
0,0,0.0155197,10,-3,14,0
0,1,0.039575301,10,9,6,1
0,1,0.745518804,10,-7,19,0
1,1,0.0285336,10,-7,2,1
1,0,0.045204598,10,-7,12,1
0,1,0.5280267,10,10,28,0
1,1,0.138821602,10,8,28,0
0,0,0.076016299,-7,-8,28,0
1,1,0.578922987,7,-8,1,1
1,1,0.029337,10,-7,0,1
0,0,0.0197515,9,-7,5,0
0,0,0.714985371,10,-10,29,0
0,1,0.968342721,-7,-10,1,1
0,1,0.297918886,-7,-8,1,1
0,0,0.329317212,-7,-7,15,0
0,0,0.363780707,10,-6,27,0
0,1,0.537987709,9,-7,0,1
0,0,0.469135791,9,-7,7,0
0,1,0.782103419,9,-9,0,1
0,0,0.127365097,10,-5,29,0
0,1,0.332724005,-7,-7,0,1
0,0,0.565701008,4,-7,29,1
1,0,0.002448,10,10,1,1
0,1,0.0080223,1,-4,9,1
0,0,0.673170686,-8,-8,14,0
0,0,0.431838393,8,1,26,0
0,0,0.1373097,9,-7,15,0
0,0,0.114124998,10,-4,15,0
0,0,0.765603304,-8,-9,15,0
0,1,0.3028889,8,-9,25,0
1,0,0.048900701,3,-7,12,0
0,0,0.4473373,10,-7,13,0
0,0,0.960192978,10,5,18,0
0,0,0.324949503,-6,-9,13,0
0,0,0.157744601,8,-7,15,0
0,0,0.086736999,-7,-7,3,0
1,0,0.0243269,10,-9,1,0
1,0,0.132600099,10,8,29,0
1,0,0.112484798,10,-8,21,0
1,1,0.507104397,10,-7,5,1
0,1,0.179610103,-7,-7,23,1
1,0,0.038461599,10,-3,2,1
0,0,0.293212712,10,-7,14,0
0,0,0.087577298,-9,-10,4,0
0,0,0.213592201,10,-8,29,0
0,1,0.263948888,3,-7,4,1
0,0,0.816595674,-7,-9,15,0
0,0,0.278868914,10,1,26,0
0,0,0.948930621,10,-7,26,0
0,0,0.507760525,10,-9,29,0
0,0,0.145214602,1,-7,9,0
0,1,0.078431398,-7,-9,13,1
0,0,0.215784803,10,-10,20,0
0,1,0.746587515,1,-9,0,1
0,0,0.865435421,10,-7,12,0
0,0,0.593496025,-5,-10,29,0
0,1,0.940322995,-9,-9,11,1
1,0,0.003458,10,-4,15,0
0,0,0.756363571,4,-7,10,0
0,0,0.515347421,8,-1,27,0
0,0,0.0459291,10,-2,10,0
0,0,0.023259001,10,-9,15,0
1,0,0.598007798,8,-6,29,0
0,0,0.476142406,10,-7,14,0
0,0,0.492753595,-7,-9,8,0
0,0,0.786567271,-7,-9,15,0
0,0,0.740853012,10,8,29,0
1,0,0.033987299,8,-7,29,0
1,0,0.0031134,-7,-8,13,0
0,0,0.190946102,3,-9,15,0
0,0,0.552320123,-7,-9,29,0
0,0,0.416456699,-7,-7,14,0
0,1,0.52377522,9,8,0,1
0,1,0.839694619,-7,-7,7,1
1,1,0.143959999,10,10,0,1
0,0,0.040479299,10,-7,13,0
0,0,0.068111397,10,-2,10,0
1,1,0.166902304,-7,-8,21,1
0,0,0.103644602,6,-7,15,0
0,1,0.397713214,10,10,29,0
0,1,0.918238997,-7,-7,1,1
0,0,0.077367201,6,-9,11,0
0,0,0.395147294,8,-7,29,0
0,0,0.192803994,8,-9,21,0
0,0,0.437759995,4,-7,10,0
0,1,0.84588021,3,-6,15,1
1,0,0.036694899,9,-7,0,0
0,1,0.118294403,10,4,0,1
0,0,0.730923772,-7,-9,11,0
0,0,0.0162021,10,-7,9,0
0,0,0.161100104,-2,-7,10,0
0,0,0.442270011,5,-6,15,0
0,0,0.184455201,-7,-7,15,0
1,1,0.488180012,10,-7,0,1
0,0,0.944481015,-7,-7,4,0
0,0,0.100769803,9,-7,8,0
0,0,0.553931177,-7,-9,30,0
0,0,0.058092199,-6,-7,30,0
0,1,0.998505175,-1,-1,6,1
0,1,0.930994213,-7,-7,30,1
0,1,0.748654425,1,-9,0,1
0,0,0.25515461,-8,-8,1,0
0,1,0.454959005,-7,-7,16,1
0,1,0.531022072,9,8,0,1
0,0,0.367346913,-8,-10,5,0
0,0,0.51666671,-7,-8,19,0
0,0,0.248855606,10,-5,30,0
0,0,0.546052694,-7,-7,16,0
0,0,0.059601899,-7,-10,9,1
1,0,0.031610601,8,-7,16,1
0,0,0.952381015,-7,-9,12,0
0,1,0.231717303,-7,-7,0,1
1,0,0.39429611,10,-9,27,1
0,0,0.643536091,10,-8,1,0
0,1,0.917936087,-7,-9,18,1
0,0,0.111225501,8,-7,5,0
0,0,0.598261714,10,-7,22,0
0,0,0.120069697,9,7,14,0
0,0,0.573233426,-7,-7,30,0
0,0,0.094548799,10,-9,24,0
0,0,0.987709522,9,8,28,1
0,1,0.117962502,10,4,0,1
0,0,0.156171307,-7,-7,16,0
0,0,0.092888199,10,10,30,0
0,0,0.0157698,-7,-10,2,0
0,0,0.025828701,9,-9,6,0
0,0,0.7578125,-6,-9,16,0
1,0,0.003258,10,-7,30,1
0,0,0.978723407,8,-7,13,0
0,1,0.176750496,7,-7,4,1
0,1,0.171008706,-7,-9,23,1
1,0,0.040552702,10,9,28,1
0,0,0.146640405,-1,-7,30,0
0,0,0.0080076,10,-7,14,0
0,0,0.466737002,-7,-7,16,0
1,1,0.029629201,10,-7,0,1
0,0,0.362697005,9,4,11,0
0,1,0.3675327,-7,-7,0,1
0,0,0.261904687,10,-8,5,0
0,0,0.147827402,-9,-9,30,0
0,0,0.053950001,-4,-8,1,0
0,0,0.375512213,9,-7,14,1
0,0,0.165557101,9,-7,9,0
0,0,0.104323298,10,-9,30,0
0,0,0.0161188,-4,-7,16,0
0,0,0.992236018,10,-9,12,0
0,0,0.0070634,-10,-10,8,0
0,0,0.376424789,10,-8,1,0
0,0,0.0113903,10,-7,14,0
0,0,0.075407103,1,-7,27,0
0,0,0.398460388,10,-7,21,0
1,1,0.161962897,1,-8,4,1
1,0,0.120854601,10,-7,14,0
0,0,0.007164,10,-9,11,0
0,0,0.915559828,10,4,30,0
0,0,0.0024059,-4,-7,1,0
0,0,0.3340123,-6,-9,16,0
1,0,0.193735704,10,-9,5,1
0,0,0.080799699,-7,-9,16,0
0,0,0.154625103,8,-7,14,0
0,1,0.043174598,9,1,5,1
0,1,0.540664911,9,9,28,1
0,0,0.098520003,10,-7,16,0
0,1,0.085679702,10,10,21,0
0,0,0.240374103,-7,-9,13,0
0,0,0.502883613,10,10,14,0
0,0,0.1142857,10,-7,10,0
0,0,0.007141,-4,-9,1,0
0,1,0.322259098,-8,-9,16,1
0,1,0.998894989,9,-10,2,1
0,0,0.025662299,1,-7,16,0
0,0,0.711236775,-7,-9,27,0
0,0,0.038502701,9,8,8,0
0,1,0.912258923,-7,-7,0,1
0,0,0.023316501,10,-7,17,0
0,0,0.936663628,-8,-9,17,0
0,0,0.079473101,10,-7,21,0
0,0,0.537723482,4,-9,17,1
0,0,0.409041196,-7,-10,31,0
0,0,0.264357299,-7,-10,17,0
0,0,0.427113891,10,4,31,0
0,0,0.893203974,-6,-6,17,0
0,0,0.093312599,10,-8,31,0
0,1,0.341872811,-7,-7,0,1
0,1,0.86860472,-7,-7,1,1
0,1,0.327138692,10,1,10,1
0,0,0.106801897,10,-6,31,0
0,0,0.80533129,-7,-9,31,1
0,1,0.553562224,9,-6,0,1
0,0,0.1048069,-3,-7,31,0
0,0,0.745614111,-7,-7,3,0
0,0,0.218694702,-4,-9,15,0
0,0,0.157511801,-7,-9,15,0
0,0,0.0154934,10,10,12,0
0,1,0.609448791,-7,-7,9,1
0,0,0.519810975,-7,-7,21,0
0,0,0.380680203,-7,-10,16,0
0,0,0.934733272,10,-7,31,0
1,1,0.927276075,10,-7,3,1
0,1,0.652719617,9,-7,24,0
0,1,0.554129183,-7,-9,8,1
0,1,0.736136615,-7,-9,21,1
1,1,0.815065682,-7,-7,2,1
0,0,0.203000903,-6,-7,17,0
0,0,0.870712399,10,4,12,0
0,0,0.235439897,-7,-9,17,0
0,0,0.059746899,-7,-7,11,0
0,0,0.0218606,10,-7,11,0
0,0,0.0255138,9,-7,9,0
0,0,0.118593,-5,-7,11,0
1,0,0.040838201,10,-3,1,1
0,1,0.92526561,-7,-7,0,1
0,0,0.0112915,10,9,9,0
0,0,0.922330022,-6,-10,16,0
0,0,0.020381,10,-6,16,0
0,1,0.314851493,-7,-7,11,1
0,0,0.044699699,10,-7,2,0
0,0,0.784583628,-6,-7,14,0
0,0,0.166165501,-7,-7,17,0
0,1,0.951508582,-7,-7,14,1
0,0,0.0848253,-6,-10,16,0
0,0,0.345724195,-7,-7,20,0
0,0,0.255296588,10,-7,17,0
0,1,0.619545102,-7,-7,23,1
0,0,0.43997559,10,-1,31,0
0,1,0.787368417,10,-8,19,1
1,0,0.024389001,10,-7,31,0
0,0,0.226290494,10,-9,17,0
0,1,0.403387189,-7,-7,0,1
0,0,0.071476698,-7,-7,17,0
0,0,0.261086196,10,-7,17,0
0,0,0.0138338,1,-7,11,0
0,0,0.0455033,-1,-7,31,0
0,0,0.838881314,10,10,31,0
0,0,0.178107604,10,-8,22,0
0,0,0.422119886,4,-7,12,0
1,1,0.033816099,10,-7,0,1
1,1,0.481735289,10,-7,0,1
0,0,0.092071697,-4,-7,2,0
0,0,0.0361077,9,-7,11,0
0,0,0.030328,8,-7,2,0
0,0,0.392823488,10,-7,15,0
0,1,0.76096952,1,-9,0,1
0,0,0.210218996,9,-8,9,0
0,1,0.864832222,-7,-7,1,1
1,0,0.0098038,-7,-9,17,0
0,1,0.099889003,10,4,0,1
1,0,0.069835097,-7,-9,8,1
0,0,0.672746301,10,9,29,0
0,0,0.694441795,4,-7,31,0
0,0,0.0853462,-6,-7,31,0
0,0,0.474758297,-7,-8,2,0
0,1,0.220123202,-6,-7,1,1
0,0,0.029107099,-7,-7,15,0
0,0,0.343450397,10,-7,17,0
0,0,0.074189797,-9,-9,17,0
0,0,0.563755393,-5,-9,21,0
0,1,0.946992397,-7,-10,30,0
0,0,0.067354098,-3,-4,31,0
0,0,0.011274,-7,-7,3,0
0,1,0.496683508,-5,-7,21,1
0,0,0.034779701,10,-7,15,0
0,1,0.804494381,-3,-6,6,0
0,0,0.302387208,10,-7,17,0
0,0,0.701937914,-6,-7,31,0
0,1,0.425287396,-9,-9,5,1
0,0,0.0146449,10,-9,31,0
0,0,0.045685999,10,8,15,0
0,0,0.180683702,4,-9,2,1
0,0,0.273873091,10,9,25,0
0,0,0.068255298,-4,-7,6,0
0,1,0.854433894,-7,-7,0,1
0,0,0.490449011,9,-7,17,0
0,0,0.035640001,8,-7,12,0
1,0,0.0033425,-7,-8,32,0
0,0,0.176326498,-9,-9,22,0
0,0,0.070139602,10,0,12,0
0,0,0.558684587,-7,-7,15,0
0,0,0.265530795,-7,-9,26,0
1,1,0.110360697,-7,-10,14,1
1,1,0.173141494,-7,-7,2,1
0,0,0.066629604,5,-7,12,0
0,0,0.084804699,-7,-8,29,0
0,1,0.554135203,-7,-9,0,1
1,1,0.92540288,10,-7,0,1
0,0,0.1935004,-6,-7,15,1
0,0,0.447442502,9,-9,32,0
0,0,0.350997597,-5,-5,22,0
0,0,0.137621194,8,-7,31,0
0,0,0.0070792,10,-9,24,0
0,0,0.749870896,8,-7,32,0
0,0,0.433134109,-7,-7,31,0
0,0,0.972478509,10,-7,29,0
1,1,0.472684592,10,-7,0,1
1,1,0.618985116,10,-7,19,1
1,0,0.848074198,10,-4,32,0
0,0,0.492811203,10,10,32,0
0,0,0.635024488,-7,-9,31,0
0,0,0.646553516,9,-7,29,0
0,0,0.0107764,-5,-7,3,0
0,0,0.072621502,10,-9,14,0
0,0,0.076800801,8,-7,18,0
1,0,0.0263169,10,5,18,0
0,0,0.078151204,-7,-9,4,0
0,0,0.023868199,10,-8,7,0
0,0,0.978723407,6,-9,22,0
0,1,0.216515198,2,-7,1,1
0,1,0.693422616,-6,-7,5,1
0,0,0.238863006,-5,-7,32,0
0,0,0.787564814,10,10,32,0
0,1,0.212859899,-6,-7,0,1
1,1,0.123569399,1,-7,10,1
0,0,0.694697976,10,9,32,0
0,0,0.106097497,10,-7,29,0
0,0,0.522043884,10,-9,30,0
0,1,0.794238687,10,-8,0,1
0,0,0.467554986,-5,-7,0,1
1,0,0.054433201,10,10,32,0
0,1,0.538862586,9,8,1,1
0,0,0.615740776,-3,-10,32,0
0,0,0.137226194,10,-9,12,0
1,0,0.067051597,8,-7,0,1
1,1,0.018566299,10,-7,8,1
0,0,0.813559294,-7,-8,32,0
0,0,0.164926097,10,-7,18,0
0,1,0.813328028,-7,-7,5,0
0,0,0.214124307,9,-7,18,0
0,0,0.585702717,5,-10,17,0
0,1,0.448455215,-7,-7,15,1
0,0,0.594694078,9,-7,3,0
0,0,0.167087302,8,5,18,0
0,0,0.831603229,-7,-10,17,0
0,0,0.639986575,-7,-7,32,0
0,1,0.037383199,10,-6,18,1
0,1,0.101365902,10,-7,26,1
0,0,0.263543189,-7,-8,32,0
0,0,0.121905603,2,-8,32,0
0,0,0.249238402,9,-7,18,0
0,0,0.075820997,10,-7,32,0
0,0,0.935800374,8,-9,32,0
0,0,0.054705899,8,-7,4,0
0,0,0.179599404,4,-9,0,1
0,1,0.342465788,-7,-7,0,1
0,0,0.0267433,4,-7,4,0
0,0,0.034066901,9,-7,17,0
0,0,0.280405402,-2,-9,13,0
0,0,0.0098953,-7,-7,12,0
0,0,0.807511687,-7,-9,18,0
1,0,0.0088159,8,0,12,0
0,0,0.072477899,-7,-10,7,0
0,0,0.235294104,10,-5,3,0
0,0,0.116428301,-7,-9,24,0
0,0,0.674398422,10,9,32,0
0,0,0.361423314,10,4,13,0
0,0,0.0035982,8,-7,4,0
0,1,0.101952299,10,4,0,1
0,0,0.073534302,-9,-10,7,0
0,1,0.95831269,9,-9,0,1
0,0,0.0084609,10,-3,12,0
0,0,0.619631886,-7,-7,17,0
0,0,0.233582497,4,-9,13,0
0,0,0.048061501,-4,-7,18,0
0,0,0.139424801,-7,-10,16,0
0,0,0.467289686,10,-6,18,0
0,0,0.149702698,-5,-7,16,0
0,1,0.728303075,2,-9,0,1
0,0,0.543407619,7,-9,17,0
0,0,0.37087211,-6,-8,16,0
0,0,0.716981173,-6,-10,19,0
0,0,0.328090012,10,-1,33,0
0,0,0.83311522,10,9,33,0
0,1,0.979071319,-7,-7,6,1
0,0,0.0072823,10,8,17,0
0,1,0.930445075,-5,-9,3,1
0,0,0.218207106,-7,-7,12,0
0,0,0.234843403,-2,-9,19,0
0,0,0.400000006,-5,-10,8,0
1,0,0.020722199,10,-7,5,1
0,0,0.092279203,-7,-7,17,0
0,0,0.625275314,-7,-9,15,0
0,0,0.207573697,10,-7,19,0
1,1,0.0088528,-7,-7,14,1
0,0,0.96143961,10,2,30,0
0,0,0.291222304,10,-9,33,0
0,0,0.158432707,-9,-9,21,0
0,0,0.449382693,-7,-8,8,0
0,0,0.041396499,2,-7,19,0
0,0,0.923288524,8,-9,33,0
0,0,0.186153904,6,-6,22,0
0,0,0.825316429,-6,-7,19,0
0,1,0.836838126,2,-6,1,1
0,0,0.283445805,-4,-9,33,0
0,1,0.491500586,9,-6,1,1
0,0,0.627272725,-5,-7,23,0
0,0,0.722381592,9,5,22,0
0,0,0.132943705,10,-8,8,0
0,0,0.029115699,10,-7,19,0
0,1,0.377339989,9,-5,3,1
0,0,0.860606074,9,-7,5,0
0,0,0.226136297,-7,-7,17,0
1,1,0.927509427,10,-7,0,1
0,0,0.925350785,10,-7,24,0
0,0,0.949170709,6,-7,26,0
0,0,0.454212397,10,-7,4,0
1,1,0.157280996,10,10,3,1
0,1,0.964490712,9,-9,0,1
0,1,0.754156172,-7,-7,1,1
0,0,0.099885903,10,-8,19,0
1,0,0.0116034,-4,-7,33,0
1,1,0.594213784,8,-7,3,1
0,0,0.58951962,-7,-7,30,0
1,0,0.0026609,-6,-7,33,0
0,0,0.873888016,-7,-10,33,0
0,0,0.673333287,0,-7,13,0
0,0,0.887085676,9,-7,30,0
0,1,0.529901981,-7,-9,30,0
1,0,0.0012869,10,-9,19,0
0,0,0.327596188,6,-9,22,0
0,0,0.530683994,-7,-7,33,0
1,0,0.094884999,8,-7,18,0
0,0,0.2983751,0,-6,13,0
1,1,0.0014864,-7,-8,8,0
0,0,0.040213101,10,10,24,0
0,1,0.318116993,-6,-7,0,1
0,0,0.190164804,10,-9,33,0
0,0,0.071662903,9,8,17,0
0,0,0.448598087,5,-9,19,0
0,0,0.297385603,-2,-8,8,0
0,0,0.713364005,10,-9,33,0
0,0,0.795241117,10,-6,16,0
0,1,0.583456218,5,-9,10,1
0,0,0.1705883,10,6,13,0
0,0,0.362132907,10,10,24,0
0,0,0.324132115,-7,-7,18,0
1,0,0.1217914,10,-7,8,0
0,0,0.237885505,8,-6,19,0
0,0,0.488000005,10,9,9,0
0,0,0.0076855,-7,-10,11,0
0,0,0.576601624,-5,-9,23,0
0,0,0.428734303,-7,-9,19,0
0,0,0.0336449,10,9,33,0
0,0,0.018942401,7,-7,13,0
0,1,0.307565093,-7,-7,4,1
1,0,0.0144687,10,9,7,1
0,0,0.863946378,4,-5,34,0
0,1,0.585496783,-7,-9,2,1
0,1,0.180097595,-6,-10,9,1
0,0,0.010512,9,-7,14,0
0,0,0.179450005,10,-7,14,0
0,0,0.166748405,9,-7,20,0
0,0,0.496984392,9,-7,34,0
1,1,0.341142505,10,-7,15,1
0,0,0.058989201,10,-7,18,0
0,0,0.925413013,9,-5,24,0
0,0,0.261875302,10,6,34,0
0,0,0.575731993,10,10,34,0
0,0,0.035335701,9,-7,10,0
0,0,0.0551356,-7,-9,14,0
0,1,0.204050407,2,-7,0,1
1,1,0.928479373,10,-7,0,1
0,0,0.314375997,9,-7,18,0
1,1,0.0202564,10,-7,1,1
0,1,0.448663503,-9,-10,8,1
0,0,0.397394091,10,-7,14,0
0,0,0.616472125,10,5,23,0
1,0,0.074608304,10,-7,34,1
0,0,0.076501399,-7,-9,20,0
0,0,0.453333408,-7,-7,20,0
0,0,0.755281687,10,-7,34,0
0,0,0.089108899,-5,-5,5,0
1,0,0.0088258,-7,-7,9,0
0,0,0.482818007,10,-3,34,0
1,0,0.0052079,10,8,14,0
1,1,0.829310477,-7,-7,0,1
0,0,0.054323699,10,-9,34,0
0,0,0.554101288,10,-5,24,0
1,0,0.063110404,-5,-7,27,1
0,0,0.639754474,4,-7,34,0
0,0,0.665534914,10,-7,20,0
0,1,0.1155283,-5,-7,20,1
0,0,0.0243685,10,-7,20,0
0,0,0.832211077,9,-9,32,0
0,1,0.177358702,8,-4,3,1
0,0,0.742924571,-8,-9,13,0
0,0,0.588644326,-6,-7,20,0
0,0,0.78705281,-7,-9,20,0
0,0,0.902887106,-7,-7,19,0
0,0,0.833898306,-1,-7,18,0
0,0,0.007601,10,10,34,0
0,0,0.0304632,10,7,34,0
0,0,0.573906183,10,-7,34,0
0,1,0.29622069,-7,-7,0,1
0,1,0.940592229,-5,-9,0,1
0,0,0.285625905,-5,-7,24,0
0,0,0.207398802,-9,-10,20,0
0,1,0.869033873,-7,-7,26,1
0,1,0.544021606,-7,-9,0,1
0,1,0.82382381,2,-8,0,1
0,0,0.1586207,10,9,20,0
0,0,0.749395072,10,-9,34,0
0,1,0.348286211,-5,-7,0,1
1,1,0.048594002,10,-7,15,0
0,0,0.301359206,-9,-9,20,0
1,0,0.201094404,10,-7,34,1
0,0,0.79448998,9,-7,24,0
0,1,0.501028121,-9,-9,2,1
0,0,0.749989688,-7,-8,26,0
0,1,0.382298201,9,-5,0,1
0,0,0.802216828,10,-2,15,0
0,0,0.529914498,-7,-7,14,0
0,1,0.182044894,-8,-9,2,1
1,0,0.141277894,10,-7,34,1
0,0,0.759731114,10,-7,34,0
0,0,0.975549698,-5,-7,2,1
0,0,0.985892475,10,9,34,0
0,1,0.603767514,5,-9,0,1
0,0,0.38243559,7,-7,9,0
0,0,0.158645302,-9,-9,20,0
1,0,0.251201689,10,-7,9,1
0,0,0.031860601,10,-9,20,0
0,0,0.803536415,-6,-10,9,1
0,0,0.513325214,-4,-10,34,0
0,0,0.954971313,10,-7,28,0
0,0,0.100639798,-9,-10,9,0
0,0,0.158960894,10,2,28,0
0,0,0.052724101,8,7,18,0
0,0,0.351507187,9,-4,8,0
0,0,0.145141706,-7,-8,34,0
0,0,0.429101288,-5,-7,34,0
0,0,0.323195696,8,-9,20,0
0,1,0.997578681,9,-9,0,1
0,1,0.307544112,8,-7,8,1
1,1,0.188914999,-7,-7,1,1
0,0,0.115455903,10,-8,29,0
0,0,0.377709001,9,-6,11,0
0,0,0.546448112,8,-6,19,0
0,0,0.460063308,-7,-7,35,0
0,0,0.575766087,5,-4,9,0
0,0,0.016064299,9,-9,13,0
0,0,0.283707887,10,-9,21,0
1,0,0.477209091,8,4,35,0
1,0,0.121902801,10,-9,0,1
0,1,0.102152199,-5,-7,0,1
0,0,0.566666722,10,-10,10,0
0,0,0.510835171,10,-7,10,0
0,0,0.090278499,-7,-9,21,0
0,0,0.111526601,-5,-8,14,0
0,0,0.309916288,10,-8,33,0
0,0,0.777183712,10,-8,14,0
0,1,0.467343897,9,8,35,0
0,0,0.184012905,3,-10,19,0
0,0,0.88306272,-8,-10,35,0
0,0,0.446127415,-7,-9,21,0
0,0,0.304173797,-6,-7,21,0
0,1,0.178101197,8,-4,0,1
0,0,0.308080792,-7,-8,15,0
0,0,0.054028701,10,-7,35,0
0,0,0.624781787,-7,-9,21,0
0,0,0.256776094,10,-8,10,0
0,0,0.207313403,-7,-8,14,0
0,1,0.984034777,10,10,11,1
0,0,0.825989723,9,-9,7,1
0,1,0.524362981,8,-5,2,1
0,0,0.116447002,7,-9,21,0
1,0,0.077341303,-7,-10,35,0
0,1,0.505607784,9,7,2,1
0,0,0.115423299,10,7,29,0
0,0,0.305084705,10,-9,17,0
0,0,0.325438589,10,-9,23,0
0,1,0.962891877,-7,-7,1,1
0,0,0.876404524,8,-7,19,0
0,0,0.073968597,-7,-10,21,0
0,1,0.338730693,-9,-10,10,0
0,0,0.078480698,-8,-9,14,0
0,0,0.428571492,-7,-7,19,0
0,0,0.5527426,3,-6,19,0
0,1,0.169589803,7,-8,21,1
0,1,0.633703411,9,-10,4,1
1,1,0.046431199,10,-7,16,1
0,0,0.108938202,-6,-7,21,0
1,0,0.055122498,8,3,3,0
0,0,0.0426649,-7,-7,21,0
0,0,0.107863799,9,-7,21,0
0,0,0.345929295,9,-3,33,0
1,1,0.041448001,10,-7,1,1
0,0,0.266375512,-7,-7,15,0
0,0,0.078231297,10,10,15,0
0,0,0.0263115,7,-7,7,0
0,0,0.0140239,10,-10,13,0
0,1,0.909333289,-8,-9,6,0
1,0,0.029161301,10,-7,35,0
1,1,0.908753812,10,-7,0,1
0,1,0.344895601,10,-9,27,0
0,0,0.710027099,10,-8,33,0
0,0,0.057847299,5,-7,15,0
1,0,0.0030223,-7,-10,10,0
0,0,0.638297796,10,9,35,0
0,0,0.709677517,-7,-10,7,0
0,1,0.757799089,1,-9,0,1
0,0,0.4770917,10,5,16,0
0,0,0.809099913,10,-8,6,0
0,0,0.332212806,10,-10,26,0
0,1,0.541139603,-7,-8,0,1
0,1,0.070234098,9,-7,4,1
0,0,0.088542297,-5,-8,35,0
0,0,0.065497003,-7,-9,21,0
0,0,0.75226289,-7,-8,27,0
0,0,0.550274312,-7,-7,29,0
0,0,0.522569418,10,-7,35,0
0,0,0.051632199,10,-10,22,0
0,0,0.562164307,7,-7,11,0
0,0,0.684994698,10,-7,36,0
0,0,0.793551683,10,9,36,0
0,0,0.976144373,5,-9,22,0
0,0,0.022094101,10,7,14,0
0,0,0.601373374,1,-9,33,1
0,0,0.518809378,8,-7,36,0
0,1,0.066811599,9,-7,0,1
0,0,0.932995796,8,-7,36,0
0,1,0.565097511,8,-5,0,1
1,0,0.01332,10,-7,0,1
0,1,0.016213501,4,-7,16,1
1,0,0.100320302,10,-8,36,0
1,0,0.0024142,10,-7,22,0
1,1,0.0415239,10,-7,0,1
0,0,0.123879798,9,-8,22,0
1,0,0.503867626,10,-8,5,1
0,0,0.851288795,-6,-7,7,0
0,0,0.099938497,-7,-8,22,0
0,0,0.916226387,-7,-7,22,0
1,1,0.918507099,10,-7,0,1
0,1,0.154466197,10,-7,30,1
0,1,0.719953716,-9,-9,5,1
1,0,0.0073751,10,-5,27,1
0,1,0.191096902,-6,-8,0,1
0,0,0.591953993,-7,-9,30,0
0,0,0.866485,10,-7,22,0
0,0,0.257901013,3,-7,20,0
0,0,0.026086001,10,-8,21,0
0,1,0.969622672,9,8,36,1
0,0,0.086263299,9,-5,36,0
0,1,0.983830094,9,-9,0,1
0,1,0.346608788,-7,-7,0,1
0,1,0.087912098,-3,-7,22,1
0,0,0.034200199,10,1,22,0
0,0,0.995692611,8,7,36,0
0,0,0.761813581,10,-7,9,0
0,1,0.356663495,-7,-7,4,1
1,1,0.187430903,-7,-7,0,1
1,0,0.0122102,-7,-8,26,0
0,0,0.617215395,10,-2,36,0
0,0,0.820809186,10,-2,17,0
0,1,0.807542682,2,-8,1,1
0,0,0.145238996,-7,-7,30,0
1,0,0.1117929,10,-9,0,1
0,0,0.0134757,-7,-7,16,0
0,0,0.201271206,10,-7,7,0
0,1,0.50493741,-9,-9,0,1
0,1,0.387772292,10,1,4,1
0,1,0.291685104,8,-7,0,1
0,0,0.130481705,-9,-9,34,0
0,0,0.0146272,10,-9,16,0
0,0,0.098433398,-3,-6,36,0
0,1,0.460431695,-9,-10,0,1
0,0,0.078869902,10,10,16,0
0,0,0.1875453,-7,-7,21,0
1,0,0.0042599,10,-7,22,0
1,0,0.0046822,10,-8,15,1
0,0,0.174403697,9,-8,36,0
0,0,0.925770283,3,-9,6,0
0,1,0.690835774,-8,-10,5,1
1,0,0.049195599,10,-7,28,0
0,0,0.279696912,-7,-8,36,0
0,0,0.258233905,10,-5,36,0
0,1,0.029909501,10,-7,7,1
1,1,0.473244905,10,-7,2,1
0,0,0.787472486,8,-9,36,1
0,0,0.119520299,-7,-9,28,0
0,0,0.943396211,10,-7,36,0
0,0,0.965321183,10,-7,26,0
1,1,0.072420798,-7,-7,10,1
1,1,0.0837446,-6,-7,1,1
0,1,0.205073595,2,-7,1,1
1,0,0.002005,10,-6,7,0
0,1,0.282745689,-6,-7,1,1
0,0,0.237261996,-7,-7,36,0
0,0,0.310447693,-7,-7,22,0
0,0,0.461741388,-6,-7,22,0
0,1,0.945668101,-6,-7,22,0
0,0,0.043060999,4,-7,36,0
1,0,0.196550399,10,-7,1,1
0,0,0.567164183,6,-7,22,0
0,0,0.595392883,10,9,34,0
0,0,0.073676102,-7,-10,14,0
1,1,0.101653904,-7,-8,10,0
0,0,0.314539999,-2,-7,17,0
0,0,0.121430799,8,-9,21,0
1,0,0.119119003,10,-9,0,1
1,1,0.041683599,10,-7,0,1
0,1,0.29319641,5,-7,26,1
0,0,0.162466303,-5,-7,23,0
0,0,0.583425403,-7,-7,21,0
0,1,0.237990901,-7,-7,0,1
1,0,0.604128003,8,-7,21,0
0,0,0.0247966,1,-7,23,0
0,0,0.210757107,5,-10,35,0
0,0,0.948388875,10,10,37,0
0,1,0.230334207,-6,-7,0,1
1,1,0.881268501,10,-7,0,1
0,0,0.358380198,10,4,37,0
0,0,0.615443587,10,8,37,0
0,0,0.346292406,5,-6,35,0
0,0,0.355586797,-7,-9,22,0
0,0,0.0077342,10,-7,22,0
0,0,0.398791611,-7,-7,20,0
0,0,0.928813577,7,-6,37,0
1,0,0.0586592,10,-7,31,0
0,1,0.4808743,-9,-9,0,1
0,0,0.140217394,-7,-9,23,0
0,1,0.180892095,8,-7,1,1
0,0,0.50859952,-7,-7,22,0
1,0,0.550704181,8,-9,29,0
0,0,0.0947593,10,1,34,0
0,0,0.560498178,10,-9,25,0
0,1,0.808505476,2,-8,0,1
0,1,0.086843997,7,-3,37,0
1,0,0.034780301,5,-7,26,1
0,0,0.0182673,10,-7,23,0
0,1,0.132064104,-6,-10,2,1
0,0,0.93574661,-7,-9,30,0
0,0,0.614664614,6,-7,8,0
0,1,0.625274122,9,-5,3,1
0,0,0.267352194,3,-9,21,0
0,0,0.0194644,8,-9,23,0
0,0,0.540830016,8,-5,21,0
0,0,0.46058619,-7,-7,22,0
0,0,0.040752299,10,-9,15,0
0,0,0.997570872,-7,-8,23,0
0,0,0.040094402,-5,-7,29,0
0,1,0.525033772,10,-5,4,1
0,1,0.310437411,8,-7,0,1
0,0,0.510695219,-7,-8,22,0
0,0,0.190557003,-7,-8,37,0
0,0,0.408720493,8,-10,37,0
0,0,0.391642302,10,-7,23,0
0,0,0.015940299,-9,-10,15,0
0,1,0.663325012,-7,-7,3,1
0,0,0.216735199,-8,-9,20,0
0,0,0.020246999,10,-7,23,0
1,1,0.1868058,-7,-7,0,1
0,0,0.186234802,-6,-8,8,0
0,0,0.865196526,-5,-7,34,0
0,0,0.118657097,-2,-3,37,0
0,1,0.199715003,4,-8,8,1
1,0,0.51485908,10,8,0,1
1,0,0.0010767,10,10,17,0
0,0,0.953159809,-7,-9,19,0
0,0,0.193801194,-5,-8,8,0
0,0,0.006269,9,-8,18,0
1,0,0.137574196,10,-6,1,1
1,1,0.109978303,-6,-7,0,1
0,0,0.212095305,-5,-8,23,0
0,0,0.163291693,-3,-7,31,1
0,0,0.313662112,10,1,18,0
0,0,0.0912259,10,-6,23,0
0,1,0.222102001,2,-7,0,1
0,0,0.205479503,10,9,18,0
0,0,0.269493788,-7,-10,12,0
0,0,0.835287571,1,-10,12,0
0,0,0.634086311,10,7,37,0
0,0,0.0164949,1,-9,23,0
0,0,0.713154376,8,-9,0,1
0,0,0.065421298,-3,-9,37,0
0,1,0.521213293,8,-6,0,1
1,1,0.135530397,1,-7,4,1
0,0,0.168580905,-7,-7,8,0
1,1,0.0184971,10,-7,2,1
0,0,0.150782302,-7,-9,37,0
0,1,0.602776885,8,-3,37,1
0,0,0.637299299,10,-2,37,0
0,0,0.883826911,10,-7,23,0
0,1,0.0538796,10,-5,4,1
0,1,0.81397891,1,-9,0,1
0,0,0.188710004,1,-6,18,0
0,0,0.293742687,10,8,37,0
0,0,0.0104575,-7,-7,17,0
0,0,0.34557879,10,9,37,0
0,0,0.283168793,9,-9,35,0
0,0,0.872499824,7,-10,23,0
1,0,0.042705901,10,-9,9,1
0,1,0.737213373,-6,-10,38,1
0,1,0.919262171,-7,-7,0,1
1,1,0.189833,-7,-7,0,1
0,0,0.208333403,8,-7,38,0
0,0,0.431457788,-6,-7,38,0
0,0,0.214168102,10,1,16,0
0,0,0.573432684,10,7,38,0
0,0,0.210667297,10,-7,38,0
0,0,0.149684906,-7,-10,13,0
0,0,0.363718897,10,10,38,0
1,1,0.87348038,10,-7,0,1
0,0,0.041891199,10,-9,24,1
0,0,0.069383301,10,-7,24,0
1,0,0.696371019,10,-6,32,1
0,0,0.866601884,10,-7,12,0
0,1,0.304694414,8,-7,0,1
0,0,0.039489899,-6,-9,38,1
0,0,0.280713111,-7,-8,9,0
0,0,0.268725008,-7,-9,22,0
0,0,0.457723707,5,-8,36,0
0,1,0.808727384,1,-9,0,1
0,0,0.79266572,-5,-9,38,0
0,1,0.328327805,9,-3,38,0
0,1,0.108772501,-3,-6,0,1
0,1,0.957876384,7,-9,18,1
0,0,0.849477589,-7,-8,35,0
0,0,0.042128101,10,-9,22,0
0,0,0.245905504,7,-7,31,0
0,1,0.771042585,2,-8,0,1
0,0,0.996780574,10,-6,38,1
0,0,0.057317302,-6,-8,7,0
1,0,0.073997296,10,-7,12,0
0,0,0.116323598,-7,-8,24,0
1,1,0.743008077,10,8,38,1
0,0,0.237714306,-2,-7,18,0
0,0,0.885873675,8,7,38,0
0,1,0.571487129,8,-6,0,1
0,0,0.355555505,-7,-9,20,0
0,0,0.046896599,9,-7,19,0
0,0,0.498148799,5,-9,20,0
1,0,0.543021083,10,-9,13,1
0,0,0.134091496,10,-3,38,0
0,0,0.537526011,-7,-9,38,0
0,0,0.276676893,10,8,38,0
0,0,0.233492896,-2,-8,19,0
0,0,0.092387602,8,-8,17,0
0,0,0.199246004,-9,-10,20,0
0,0,0.260494113,8,-9,37,1
0,1,0.388183504,-7,-8,0,1
1,1,0.450460702,10,-7,0,1
0,0,0.965758204,-8,-9,20,0
0,1,0.033997498,8,5,36,1
0,0,0.558802009,10,-6,29,1
0,0,0.610430121,8,-10,38,0
0,1,0.028388999,10,-7,1,1
0,0,0.516547203,7,-9,22,0
0,0,0.675958216,7,-7,28,0
1,0,0.0005592,9,-7,19,0
0,0,0.157407403,9,6,19,0
0,0,0.0143093,10,-6,9,0
1,0,0.151952505,10,-6,0,1
0,1,0.466486812,8,7,2,1
0,0,0.175395802,10,-7,18,0
0,0,0.038784299,10,-7,18,0
1,0,0.294688314,10,9,1,0
0,0,0.01282,10,-8,32,0
0,0,0.71916008,3,-2,19,0
0,0,0.473498195,-7,-7,18,0
0,0,0.566666722,9,-8,13,0
0,0,0.507936478,-7,-7,24,0
0,0,0.097859398,-7,-8,24,0
1,1,0.1539772,10,8,38,0
0,0,0.171356693,-7,-9,24,0
0,0,0.724205494,10,5,36,0
0,0,0.602966905,10,-8,23,0
0,0,0.333750188,10,-9,38,1
0,0,0.195532307,-8,-8,36,0
0,0,0.102583803,2,-7,22,0
0,0,0.782811522,2,-9,38,0
1,0,0.0046034,10,8,38,0
0,1,0.373263687,-5,-7,0,1
0,0,0.54529959,10,-6,38,0
0,0,0.225909695,7,-7,24,0
0,1,0.505071282,8,7,0,1
0,1,0.992848814,-5,-9,3,1
0,0,0.120422103,10,-9,22,0
0,0,0.145549893,-7,-7,24,0
0,0,0.751955926,10,-7,27,0
1,0,0.036440302,10,6,38,0
0,0,0.111475296,9,-6,19,0
0,1,0.875709414,-5,-7,31,0
0,0,0.0292977,9,-9,19,0
0,0,0.067923702,-5,-9,38,1
0,0,0.617834091,10,-7,21,0
0,0,0.130068094,10,10,38,1
0,0,0.067875102,-7,-8,37,0
0,1,0.019266799,10,4,18,1
0,0,0.353411198,8,-6,37,1
0,0,0.041098598,2,-7,18,0
0,1,0.42238909,-5,-7,0,1
1,0,0.147623107,10,-6,0,1
0,0,0.460108012,-6,-7,28,0
0,0,0.060356598,-6,-9,0,1
0,0,0.646017671,10,-5,29,0
0,0,0.117849201,-4,-7,32,0
0,0,0.983467579,-2,-7,20,0
0,0,0.685314715,-7,-9,25,0
0,0,0.793650687,10,-7,23,0
0,0,0.702439129,-7,-7,23,0
0,0,0.061309598,-7,-8,19,0
0,0,0.117183402,10,9,23,0
0,0,0.138105601,10,6,39,0
0,1,0.112921201,-6,-8,0,1
0,0,0.235224202,10,1,36,0
0,0,0.497461885,-7,-7,25,0
0,0,0.237061694,-7,-9,25,0
0,0,0.134445295,9,-7,23,0
0,0,0.567931116,10,-5,39,0
0,0,0.842594683,10,-6,39,1
1,1,0.183650106,1,-7,8,1
1,0,0.827505171,8,-6,39,1
0,1,0.856115103,9,-9,0,1
0,0,0.0604994,10,-7,25,0
0,0,0.051276699,-4,-7,25,0
1,0,0.103014201,10,-7,0,1
0,0,0.40368849,10,-7,25,0
0,1,0.409745306,10,-1,0,1
0,0,0.0081567,10,-10,17,0
0,1,0.473783702,10,-7,0,1
0,1,0.991195023,-7,-7,9,1
0,0,0.0147059,-10,-10,17,0
0,0,0.092022799,10,-8,39,0
1,1,0.948795319,10,-7,0,1
0,1,0.794487119,2,-8,0,1
0,0,0.0379279,10,-9,0,1
1,0,0.031876098,9,-7,10,0
0,1,0.694658875,-6,-10,0,1
0,0,0.1326368,10,10,0,1
1,0,0.0006803,10,-7,17,0
0,0,0.270722389,8,-6,39,0
1,0,0.0810422,8,-8,24,0
0,1,0.0195162,10,4,0,1
0,1,0.843298912,8,6,8,1
0,0,0.382231414,-7,-10,14,0
0,1,0.303745002,8,-4,0,1
0,0,0.174879804,-3,-7,14,0
0,0,0.544605374,10,-7,32,0
0,0,0.606000721,10,-6,39,1
0,0,0.0062873,9,-6,20,0
1,0,0.096548602,10,-9,22,1
0,0,0.1842345,-7,-9,10,0
0,0,0.089049898,9,-7,25,0
0,0,0.394705206,10,-8,25,0
1,0,0.783035517,10,-6,0,1
0,0,0.546632171,8,-10,14,0
0,0,0.803266823,-5,-7,29,0
0,0,0.526835084,-7,-7,13,0
0,0,0.967437387,1,-6,36,1
1,0,0.063153401,10,8,39,1
0,0,0.104981102,-9,-9,39,0
0,0,0.153467402,8,-10,39,0
0,1,0.384885788,10,10,39,0
0,1,0.336593211,-7,-8,0,1
0,0,0.457984,-6,-7,39,0
0,0,0.654958129,10,-9,39,1
0,0,0.83307147,1,-9,2,1
1,1,0.198350698,-7,-7,0,1
0,0,0.582195401,10,-9,23,0
0,0,0.068623498,4,-7,25,0
1,1,0.613414526,8,-7,5,1
0,1,0.979733229,7,-9,0,1
0,0,0.226401001,10,1,36,0
0,0,0.830314577,10,-7,39,0
1,0,0.0203779,8,-7,25,0
0,0,0.053856298,8,-7,19,0
0,1,0.614369988,-7,-8,4,1
0,1,0.591015875,5,-6,4,1
0,0,0.156053096,-1,-9,39,0
0,1,0.189925894,4,-8,1,0
0,0,0.187741205,10,-6,3,1
0,0,0.224087805,-8,-9,18,0
0,0,0.490388513,9,-7,39,0
0,0,0.894868016,-7,-9,14,0
0,0,0.623639226,-7,-8,25,0
0,0,0.761297822,10,5,28,0
0,0,0.673392177,9,-8,25,0
0,0,0.467103511,10,-9,30,1
0,0,0.626083076,10,-6,39,1
0,1,0.164232403,-8,-9,9,1
0,0,0.625968516,10,-6,0,1
0,0,0.473135501,9,-8,29,1
0,0,0.864259005,-7,-8,18,0
0,0,0.0726256,-5,-7,20,0
0,1,0.603878081,-7,-9,11,1
0,0,0.740526319,7,2,40,0
0,0,0.879517972,10,-7,26,0
0,0,0.627386928,10,-9,24,0
0,1,0.1277069,-6,-10,0,1
0,0,0.29747501,-7,-7,40,0
0,0,0.280619711,7,-9,40,0
0,0,0.507763982,1,-9,21,1
1,1,0.121326797,-6,-7,2,1
0,0,0.0409883,-7,-7,26,0
0,0,0.368421108,8,-10,25,0
0,0,0.920715988,-7,-7,24,0
0,0,0.105354898,-5,-7,14,0
0,0,0.691927612,-7,-9,15,0
0,0,0.560747623,9,-7,25,0
0,0,0.125773698,-4,-9,22,0
0,0,0.696369588,-7,-7,24,0
0,0,0.94020623,10,-2,40,0
0,0,0.923455477,8,-9,40,0
1,0,0.0139714,10,-7,0,1
0,0,0.195844293,10,6,40,0
1,0,0.688765585,10,-6,0,1
0,0,0.354322314,-2,-7,26,0
1,1,0.185296893,-7,-7,0,1
0,0,0.112069003,-7,-10,15,0
0,1,0.018282499,10,4,0,1
0,1,0.71605742,-6,-10,0,1
0,0,0.0255889,10,-7,40,0
0,0,0.890499175,-6,-10,15,0
0,1,0.429893315,-7,-7,1,1
0,1,0.529971778,7,-7,33,1
0,0,0.946421385,8,-7,37,1
1,0,0.0926186,10,-7,23,0
0,1,0.994911015,-7,-7,0,1
1,1,0.923551798,10,-7,0,1
0,1,0.064440504,9,7,40,0
0,1,0.88760078,7,-6,4,1
0,0,0.471508414,10,-7,24,0
0,1,0.708729506,6,-1,0,1
1,0,0.651501894,10,10,16,1
0,0,0.40898031,7,-7,11,0
1,0,0.009215,10,-7,20,0
0,0,0.2236671,-8,-8,15,0
0,0,0.749731421,7,-7,19,0
0,0,0.105162397,-7,-8,30,0
1,0,0.246126205,10,-8,40,0
0,0,0.038539499,10,-9,0,1
0,0,0.263425708,-7,-9,24,0
0,0,0.889460206,9,7,40,0
0,0,0.113998301,9,8,16,0
1,1,0.766972482,-7,-7,5,1
0,1,0.099173501,10,8,40,0
0,1,0.474361986,10,7,0,1
0,0,0.549137175,10,-9,0,1
0,1,0.033,-6,-10,1,1
0,0,0.173055902,8,-6,26,0
0,0,0.923857927,9,-6,24,0
0,0,0.452049285,10,-7,34,0
0,0,0.836629391,8,-8,40,0
0,0,0.95902741,-5,-9,32,0
0,0,0.045179699,10,-9,20,0
0,0,0.631278515,-2,-6,21,0
0,0,0.096491203,10,-9,40,0
0,0,0.918010712,-8,-10,25,0
0,1,0.0499117,-9,-10,15,1
0,0,0.363636404,10,-10,15,0
0,0,0.455009609,10,-7,40,0
0,0,0.280141801,-6,-7,26,0
0,0,0.048186801,-7,-7,26,0
0,0,0.1960015,-5,-7,32,0
0,0,0.829492986,-7,-8,26,0
0,0,0.1113014,-7,-7,20,0
1,0,0.058723599,9,-6,26,0
0,0,0.983890891,-7,-7,15,0
0,0,0.0383121,10,9,24,0
0,0,0.151333198,4,-9,7,1
0,0,0.860680699,-7,-7,32,0
0,0,0.391608387,8,-9,40,0
0,1,0.985214829,9,8,3,1
0,1,0.398713797,10,-1,0,1
0,0,0.381822705,-7,-8,26,0
0,1,0.031769302,10,7,11,1
0,0,0.575722575,10,-1,40,0
0,1,0.683385491,-9,-9,22,1
0,0,0.564241409,10,2,40,0
0,0,0.088810399,-7,-7,26,0
0,1,0.481448293,10,-7,0,1
0,1,0.669620275,7,-8,2,1
1,0,0.140006706,10,-6,0,1
0,0,0.819966316,10,-9,26,0
0,1,0.30171451,8,-4,0,1
1,0,0.104318999,9,5,38,0
0,0,0.0517224,7,-7,26,0
0,0,0.519404173,10,-7,25,0
0,0,0.086003199,10,-8,40,0
0,0,0.087739699,-7,-10,26,0
0,0,0.030373801,-6,-6,40,1
0,0,0.049900901,-6,-8,40,0
0,0,0.676050901,10,-7,21,0
0,1,0.222016796,4,1,21,1
0,1,0.183329493,-6,-7,1,1
0,0,0.0149508,10,10,40,0
1,0,0.143600702,10,10,40,0
0,0,0.543585122,10,-10,40,0
0,0,0.599945724,9,-7,12,1
0,0,0.315420896,10,4,10,0
0,0,0.0141956,10,-7,11,0
0,1,0.186395302,8,-5,1,1
0,0,0.291666597,-7,-7,25,0
0,0,0.054888699,-7,-7,26,0
0,1,0.0129099,4,-10,18,1
0,1,0.2122439,4,-7,3,1
0,0,0.051945899,-6,-6,41,1
0,0,0.439661592,5,4,30,0
0,0,0.602660894,-6,-7,27,0
0,1,0.225961596,-8,-9,6,1
0,0,0.046184201,8,1,27,0
0,0,0.655476987,10,-7,27,0
0,0,0.025558,-6,-6,0,1
0,0,0.703368127,10,-6,0,1
0,0,0.61734879,10,-6,1,1
0,0,0.350906104,-6,-10,16,0
0,0,0.085494399,-6,-8,41,0
1,0,0.0037673,10,-6,10,1
0,1,0.195015505,-6,-7,0,1
0,0,0.860069871,10,-9,41,1
0,0,0.061182,-6,-9,1,1
0,1,0.601290822,7,-8,0,1
0,0,0.256132513,10,-6,41,1
1,1,0.215651393,-7,-7,0,1
0,1,0.206432596,2,-7,0,1
0,0,0.152173907,10,10,41,0
0,0,0.0222139,-7,-8,13,0
0,0,0.218786597,10,8,35,1
0,0,0.054914501,8,-3,17,0
0,0,0.782100976,10,-6,1,1
0,0,0.033766001,10,-6,27,1
0,0,0.975485623,10,-7,41,0
0,0,0.188463405,4,-9,0,1
0,0,0.926921606,10,-9,41,0
0,0,0.218730196,0,-5,31,0
0,1,0.125236005,10,9,27,1
0,0,0.097347401,10,-7,20,0
0,0,0.811538517,9,-6,25,0
0,0,0.863045871,10,-4,40,0
0,0,0.377378494,2,-8,39,0
0,1,0.130200893,10,10,32,0
0,0,0.322177887,8,-8,41,0
0,0,0.240371794,-7,-7,26,0
0,1,0.47133261,8,-7,0,1
0,0,0.230254903,-2,-9,22,1
0,1,0.442098886,-7,-9,9,1
0,0,0.772067428,4,-6,41,0
0,0,0.055976499,10,-7,26,0
0,0,0.216165096,-7,-8,12,0
0,0,0.170139298,-1,-8,41,0
0,0,0.045603,10,-7,35,0
0,0,0.357565999,10,-6,35,1
1,1,0.018106,10,-7,3,1
1,0,0.0022411,-7,-7,27,0
0,1,0.611359179,-9,-9,4,1
0,0,0.0177141,10,8,41,0
0,0,0.095784903,10,-7,27,0
0,0,0.143198103,10,-8,13,0
0,0,0.512479186,8,-7,41,0
0,0,0.243843302,10,-6,0,1
0,1,0.156541601,8,-5,0,1
0,0,0.501971483,10,-6,41,1
0,1,0.836280704,-7,-7,10,1
1,0,0.754426777,10,9,41,1
0,1,0.116716899,-5,-7,5,1
0,0,0.485500008,10,-9,0,1
0,0,0.322210699,10,-8,41,0
0,0,0.86328721,-6,-10,6,1
1,0,0.132190302,10,-6,0,1
0,0,0.222627804,10,-7,25,0
0,0,0.426291794,10,-6,41,1
0,1,0.683636308,9,8,0,1
0,1,0.915567994,8,-9,1,1
0,0,0.266955912,10,-6,41,0
1,0,0.698085904,9,8,41,0
0,0,0.738775492,-7,-8,26,0
0,0,0.317117095,8,8,41,0
0,0,0.274739593,9,-7,25,0
0,0,0.677648783,10,-6,22,1
0,0,0.131455407,10,-9,23,0
0,1,0.852275491,-4,-6,40,1
0,0,0.945806503,-7,-8,25,0
0,0,0.296154499,10,-9,2,1
0,0,0.930692971,-7,-8,20,0
0,1,0.0198396,10,4,0,1
0,0,0.844838679,-6,-8,41,1
0,0,0.117926098,10,-7,27,0
0,0,0.668197811,8,8,41,0
0,0,0.788848281,-5,-7,26,0
0,0,0.989007115,10,-6,2,1
0,1,0.314438492,10,-1,0,1
0,0,0.455153197,-6,-8,27,0
0,1,0.130213693,-6,-10,0,1
0,0,0.985472202,9,-7,30,0
0,0,0.085478999,2,-7,25,0
0,0,0.430952311,-7,-7,26,0
0,0,0.941814303,8,8,41,0
1,1,0.117115602,-6,-7,0,1
0,0,0.938963115,10,8,41,0
0,1,0.71939069,2,-8,1,1
0,1,0.757652223,-6,-10,0,1
0,1,0.036094401,8,5,1,1
0,1,0.541957378,8,-9,21,1
0,0,0.663945615,6,-7,25,0
0,0,0.622607827,-5,-6,41,1
0,0,0.908616185,-7,-7,27,0
0,0,0.329433799,8,-6,2,1
0,0,0.712149084,10,7,41,0
0,1,0.152278498,-9,-10,1,0
0,0,0.187996507,5,-10,16,0
0,0,0.039835799,10,-9,0,1
1,1,0.031569999,10,-7,3,1
0,0,0.661928892,-7,-7,27,0
0,0,0.4278377,-7,-9,25,0
0,1,0.999568701,8,-6,0,1
0,0,0.0057641,10,8,21,0
0,0,0.3538827,10,1,27,0
0,0,0.392452806,10,-10,16,0
0,1,0.233428597,-7,-8,5,1
1,0,0.697694123,9,-6,1,1
0,0,0.163679004,7,-4,40,0
1,0,0.078621902,10,-7,24,0
1,0,0.112858497,10,-9,16,1
1,1,0.040833998,10,-7,3,1
0,0,0.04848,4,-7,26,0
1,1,0.132836804,0,-7,19,1
0,0,0.198102996,-2,-6,22,1
0,0,0.102173902,-5,-7,25,0
0,0,0.719743311,7,-7,27,0
0,0,0.076149598,-7,-7,29,0
0,0,0.0204813,8,-8,13,0
0,0,0.0582265,10,-7,28,0
0,0,0.537500024,10,-6,2,1
1,1,0.133701906,0,-7,0,1
0,0,0.553956926,10,-7,22,0
0,1,0.215985298,-6,-7,0,1
0,1,0.707316995,10,-8,42,1
0,0,0.96226418,-7,-10,17,0
1,0,0.0394619,10,-9,26,0
0,0,0.767676711,-7,-9,35,0
0,0,0.047860701,9,9,23,0
0,1,0.025196901,10,4,0,1
0,0,0.999820709,10,-9,42,1
0,0,0.049269099,0,-7,27,0
0,0,0.041024402,8,-7,27,0
0,0,0.468432903,-5,-7,31,0
0,0,0.742950201,-5,-7,16,0
1,0,0.0090456,-7,-7,42,0
0,1,0.2430823,4,-6,1,1
1,0,0.128765598,10,-9,0,1
0,0,0.357727289,2,-7,42,0
0,0,0.114522003,4,-7,42,0
1,0,0.638826489,8,-6,0,1
0,0,0.986822784,-7,-8,28,0
0,0,0.370786488,10,9,23,0
0,0,0.148760304,10,-7,26,0
0,0,0.176795602,10,-7,13,1
1,0,0.0151016,10,-7,1,1
0,0,0.0104263,10,10,22,0
0,0,0.70147562,10,-2,42,0
0,0,0.168411002,10,-7,28,0
0,0,0.1265423,-7,-9,34,0
0,0,0.255710691,10,-7,28,0
0,0,0.0244516,-8,-9,14,0
0,0,0.0148993,10,9,26,0
1,0,0.0017027,10,-6,26,0
0,0,0.324559212,10,-6,0,1
0,0,0.670326829,10,-9,27,0
1,1,0.075045303,-6,-8,16,0
0,0,0.0025576,9,8,23,0
1,0,0.031878699,10,-9,28,0
0,1,0.662246227,9,8,0,1
0,0,0.150269404,-8,-9,26,0
0,0,0.099483296,7,-7,22,0
0,0,0.114064701,8,-7,41,0
0,0,0.820866108,5,-8,31,0
0,0,0.129753903,4,-10,17,0
0,0,0.0386016,10,-7,42,0
1,0,0.593965471,10,-9,3,1
0,0,0.420948595,8,-6,28,0
0,0,0.130237505,1,-5,28,0
0,0,0.589189172,-7,-10,17,0
0,0,0.910797477,-8,-9,34,0
0,0,0.55020678,0,-2,42,0
0,0,0.025320901,-6,-9,2,1
0,0,0.338501513,5,-6,31,1
0,1,0.034943499,10,-7,3,1
0,0,0.858552694,-6,-7,23,0
0,0,0.123103097,10,-7,16,0
0,0,0.915942073,10,10,13,0
0,0,0.118574403,3,-8,28,0
0,1,0.0134654,4,-10,1,1
0,0,0.927129686,-7,-8,28,0
0,1,0.217929095,-2,-7,23,0
0,0,0.956895709,10,-6,0,1
0,0,0.094809398,8,-7,30,0
0,0,0.0404137,8,-7,26,0
1,1,0.232542604,-7,-7,0,1
0,1,0.545724392,7,-8,0,1
1,1,0.037321199,-2,-6,31,0
0,0,0.827921927,-6,-8,0,1
0,0,0.734446228,-5,-7,27,0
1,0,0.0006539,10,10,42,0
0,0,0.062466901,3,-7,28,0
0,0,0.227044195,10,10,42,0
0,0,0.073716298,10,7,42,0
0,0,0.662004709,10,-7,28,0
0,1,0.039087899,-6,-10,1,1
0,1,0.032367099,10,8,1,1
0,0,0.949700594,-5,-7,32,0
0,0,0.970647871,-7,-9,39,0
1,0,0.761233926,10,8,0,1
0,0,0.046422001,-8,-9,0,1
0,0,0.0070543,10,10,13,1
0,0,0.057449002,-7,-8,39,0
0,0,0.128600106,10,-7,22,0
0,1,0.494969785,6,-1,0,1
0,0,0.299116313,-7,-7,27,0
0,0,0.0098921,9,-10,23,0
0,1,0.516600609,8,5,2,1
0,1,0.705951691,3,-8,0,1
0,0,0.90554899,-2,-9,24,0
0,0,0.039490599,10,6,42,0
0,0,0.068987697,-8,-8,14,0
0,0,0.242561504,-5,-7,28,0
0,0,0.441666692,10,10,13,0
0,0,0.304621786,10,-10,27,0
1,0,0.003435,10,-8,0,1
0,1,0.349664092,-7,-10,18,0
1,1,0.154700905,10,10,9,1
0,0,0.277133793,8,-5,43,0
1,0,0.060595401,8,-7,35,0
0,0,0.019251101,10,-7,28,0
0,0,0.546139419,10,-8,29,0
0,0,0.0164233,10,-8,15,0
0,0,0.63881439,9,-5,40,0
0,1,0.473543495,9,-5,3,1
0,1,0.778056324,5,-2,24,0
0,0,0.29500401,10,-9,29,0
0,0,0.165087894,1,-3,19,0
0,0,0.186235696,2,-8,35,0
0,0,0.507660925,9,-1,41,0
1,1,0.078056,10,8,43,0
1,0,0.135281205,10,-4,8,0
0,0,0.783440173,10,-7,43,0
0,0,0.321428508,10,-7,29,0
0,1,0.967220187,-6,-9,0,1
0,0,0.077560499,-2,-8,15,0
0,0,0.205736905,-7,-7,23,0
0,1,0.53067261,6,-1,0,1
0,0,0.068855003,-7,-9,29,0
0,0,0.1135443,10,-7,35,0
1,0,0.113752097,10,-6,0,1
0,0,0.375606894,10,-2,43,0
0,0,0.476407111,-7,-9,28,0
0,1,0.0320976,8,5,1,1
0,0,0.250957489,10,9,43,0
0,0,0.318487406,10,10,43,0
1,0,0.561603487,10,-7,22,0
0,1,0.857959986,-7,-7,1,1
0,0,0.875746012,10,-7,29,0
0,1,0.80498749,-7,-7,11,1
0,0,0.108148001,0,-10,18,0
0,1,0.728902102,9,-9,2,1
0,0,0.655052304,10,-8,14,0
0,0,0.0138468,10,-8,29,0
0,0,0.474093795,-7,-9,18,0
0,0,0.567251384,9,-9,27,0
0,0,0.177874193,7,-7,29,0
0,0,0.174872607,10,4,43,0
0,0,0.196134597,7,-7,29,0
0,1,0.758213997,-7,-7,14,1
0,0,0.600000024,-7,-7,23,0
0,1,0.572631598,1,-7,29,1
0,1,0.625435472,8,6,3,1
0,1,0.109063499,10,8,43,0
1,0,0.0025436,8,-7,14,1
0,0,0.493593603,10,-5,34,0
0,0,0.906666577,-7,-8,29,0
0,0,0.472171307,-7,-8,18,0
0,1,0.655485511,3,-7,1,1
0,0,0.300539702,10,0,43,0
0,0,0.112748303,8,7,42,0
1,0,0.022526,10,4,43,0
0,1,0.472163409,9,-9,1,1
0,1,0.30167821,7,-8,1,1
0,1,0.397338688,10,9,1,1
0,0,0.0530008,9,-7,18,0
0,0,0.402925491,-7,-9,29,0
1,0,0.062843703,10,-7,32,0
0,0,0.089768402,10,-7,32,0
0,0,0.394710094,9,8,27,0
0,0,0.928285778,-7,-9,43,0
0,0,0.612903178,-7,-7,29,0
0,1,0.691375077,3,-8,0,1
0,0,0.188067406,10,-2,24,0
0,0,0.441981703,-5,-9,29,0
0,0,0.0128845,10,6,37,0
0,0,0.484979391,7,-7,37,0
0,0,0.242579594,-7,-8,36,0
0,0,0.751155078,6,-10,19,0
0,0,0.334497988,10,1,30,0
0,0,0.080077499,-7,-10,28,0
0,1,0.250043899,8,7,3,1
0,1,0.255163997,1,-6,16,1
0,0,0.494203597,7,-9,44,0
0,0,0.980113626,1,-7,30,0
0,0,0.195990995,-5,-7,28,0
0,0,0.0531944,8,-6,1,0
0,0,0.052010201,-7,-10,29,0
0,0,0.632970095,-7,-7,19,0
0,0,0.097307302,8,2,44,0
0,0,0.151322395,10,-2,44,0
1,1,0.031654499,10,-7,2,1
0,0,0.036395099,10,-10,19,0
1,1,0.0017445,-7,-8,19,0
0,0,0.058991,10,2,35,0
0,0,0.47705391,-7,-8,29,0
0,0,0.022414301,7,-6,16,0
0,0,0.171707302,9,-8,19,0
0,0,0.803758979,-6,-7,30,0
0,0,0.016736399,8,-10,22,0
1,0,0.722346187,8,-9,36,1
0,1,0.495875388,9,-7,16,1
0,0,0.26952529,-7,-8,19,0
0,0,0.444813609,10,9,44,0
0,0,0.090223998,-3,-7,30,0
0,0,0.147040799,7,3,44,0
1,0,0.0244286,10,10,38,0
0,0,0.111014701,4,-6,20,0
0,0,0.0098538,10,10,28,0
0,0,0.134258896,-7,-9,26,0
0,0,0.342173696,-2,-5,44,0
0,0,0.45919311,-7,-9,37,0
0,0,0.995220423,9,6,44,0
0,0,0.633712113,10,8,44,0
0,0,0.32994929,10,-2,15,0
0,0,0.388732791,-2,-9,28,0
0,0,0.090878502,10,-2,24,0
0,0,0.929816186,-2,-7,28,0
0,0,0.636363626,10,10,24,0
0,0,0.858439207,6,-7,27,0
0,0,0.436523199,9,-9,7,1
0,0,0.224057704,-2,-7,25,0
0,0,0.377791196,4,-7,29,0
0,1,0.034889899,10,-7,1,1
0,1,0.686702728,3,-9,0,1
0,0,0.675555587,10,-7,28,0
0,0,0.117177099,9,-7,28,0
0,0,0.827533484,-7,-7,19,0
0,1,0.449313611,-8,-9,5,1
0,0,0.54001838,10,8,44,0
0,0,0.163690403,10,-10,20,0
0,1,0.585865676,9,8,6,1
0,0,0.69013238,9,9,19,0
0,0,0.524844825,10,-6,31,0
0,0,0.209530398,8,6,27,0
1,1,0.178169593,0,-7,2,1
0,0,0.545776188,9,-7,20,0
0,0,0.330575198,10,-9,43,0
0,0,0.477945805,9,-9,0,1
0,1,0.729498506,10,-5,36,1
1,0,0.222324595,8,-8,31,1
0,1,0.837892711,9,-9,19,1
0,1,0.301086903,-3,-7,32,1
1,0,0.0065416,10,-6,30,0
0,0,0.279736996,9,-7,30,0
0,0,0.357656509,10,5,43,0
0,1,0.786064625,10,-5,38,1
0,0,0.809700608,8,8,45,0
0,0,0.65994972,10,8,0,0
0,0,0.608887315,9,-9,30,0
0,0,0.107914299,1,-9,45,0
0,0,0.015238,10,-6,45,0
0,0,0.032435499,9,-7,25,0
0,0,0.179967195,10,-10,20,0
0,0,0.388764292,10,8,45,0
0,0,0.125999302,8,7,45,0
0,0,0.765167713,-2,-7,26,0
1,0,0.039527498,9,6,16,0
1,0,0.0099552,10,8,0,0
1,0,0.014846,6,-7,28,0
1,0,0.038920801,10,-7,31,0
0,0,0.085018203,10,4,21,0
0,1,0.518690884,-9,-9,0,1
0,0,0.01287,10,10,26,0
0,0,0.082689904,9,6,45,0
0,0,0.0117733,-3,-10,23,0
0,0,0.296703309,9,2,19,0
0,0,0.0148174,9,8,1,0
0,0,0.188060895,10,-7,37,0
0,0,0.613430083,10,2,45,0
0,0,0.088918,7,-6,31,0
0,0,0.0533983,9,-7,31,0
0,0,0.709844589,6,-10,20,0
0,0,0.041978199,5,-6,31,0
0,0,0.220886901,8,6,27,0
0,0,0.169835195,8,-3,0,0
0,0,0.562350214,8,8,0,0
1,0,0.092435099,10,-6,1,1
0,0,0.69502598,10,-8,30,1
0,1,0.7956388,9,-9,1,1
0,0,0.186431304,10,-7,20,0
0,0,0.702037871,10,2,45,0
0,0,0.671968222,10,4,45,0
0,0,0.363556594,9,5,45,0
0,0,0.947115421,9,-6,1,0
0,1,0.256510705,8,7,0,1
0,0,0.075850502,10,10,45,0
0,0,0.134386495,-6,-8,31,0
1,1,0.133231193,10,10,1,1
1,0,0.0027739,9,6,31,0
0,0,0.224891901,10,9,31,0
0,0,0.995760083,9,-7,20,0
0,0,0.556586325,10,10,45,0
0,0,0.749211371,1,-6,31,0
0,0,0.151515096,-6,-7,17,0
0,1,0.853855014,7,6,1,1
0,0,0.389170289,2,-9,43,0
0,0,0.273771912,0,-7,20,0
0,0,0.025380701,10,4,16,0
1,0,0.305373192,10,-9,39,1
0,0,0.799131274,8,-7,42,0
0,1,0.71423471,8,-9,1,1
0,0,0.333171099,1,-6,1,0
0,0,0.604506612,10,-9,28,0
0,0,0.997737527,10,-5,36,0
0,0,0.234559298,4,-2,27,0
1,0,0.292165786,8,-5,46,1
0,0,0.133261606,9,-3,20,0
0,0,0.552643299,9,-5,46,1
1,0,0.242958799,-3,-7,46,0
0,1,0.329736888,-6,-7,3,1
0,0,0.026554201,10,6,46,0
0,0,0.363766104,10,10,46,0
0,0,0.927668214,10,-3,46,0
0,0,0.593794286,9,-7,20,0
0,0,0.478468895,-7,-8,21,0
0,1,0.167995095,1,-6,1,1
0,0,0.037145,-5,-9,1,0
0,0,0.469419807,10,-7,30,0
1,0,0.302581787,10,-5,45,1
1,0,0.02579,10,-3,12,1
1,0,0.0204076,6,5,1,1
0,0,0.075728402,9,1,35,0
0,0,0.587608218,-3,-5,36,0
1,0,0.016377101,10,-7,46,0
0,0,0.020140599,9,-2,32,0
0,0,0.564218521,7,-7,1,0
0,0,0.672537386,9,-7,40,0
0,0,0.269960493,-3,-7,43,0
0,0,0.371325314,-7,-9,40,0
0,1,0.212276697,5,-5,15,1
0,1,0.88416189,10,-5,46,1
1,1,0.058145899,10,6,3,1
0,0,0.798294425,10,9,46,0
1,1,0.0141995,8,6,1,1
0,0,0.051901601,-2,-5,32,0
0,1,0.493609101,9,9,46,0
1,0,0.116181001,10,-7,25,0
0,0,0.027499899,8,1,32,0
0,0,0.0368785,4,-7,26,0
0,0,0.113537103,10,8,30,0
0,0,0.197526798,9,-8,32,0
0,0,0.460879803,10,8,46,0
1,0,0.0017828,6,-6,18,0
0,0,0.712284029,8,1,1,0
0,0,0.256862313,10,-7,46,0
0,0,0.044462401,6,-7,26,0
0,0,0.65875107,8,-7,1,0
0,0,0.955482125,-7,-10,43,0
0,0,0.575165212,10,-5,46,1
1,0,0.327150792,10,10,40,0
0,0,0.0036514,10,8,17,1
0,0,0.625812411,2,-6,32,0
1,0,0.0078275,8,-8,21,0
1,0,0.997022688,8,7,1,0
1,0,0.113063499,8,8,1,0
0,0,0.297389299,-6,-10,21,0
1,0,0.182528093,10,-8,32,0
1,0,0.131444201,10,-7,18,0
0,0,0.543648005,10,10,46,0
0,0,0.433936,-5,-6,27,0
0,0,0.946608901,9,-9,21,0
0,0,0.729613721,6,-6,32,0
0,0,0.921526611,10,-9,1,0
0,0,0.967307687,10,10,1,0
0,0,0.281890392,2,-6,17,0
0,0,0.0358551,10,0,26,0
0,0,0.0096985,9,4,22,0
0,0,0.254288405,8,-7,43,0
0,0,0.846664727,-4,-9,36,0
0,0,0.367088705,8,8,46,0
0,0,0.0065292,10,-9,1,0
0,0,0.326923102,8,2,46,0
0,1,0.029911401,8,5,2,1
0,0,0.791104376,5,-7,1,0
1,1,0.044657201,6,4,1,1
0,1,0.293970704,10,-5,35,1
0,0,0.0125846,10,10,46,0
0,0,0.150141597,8,-7,46,0
0,0,0.0438293,-2,-10,24,0
0,1,0.417209893,10,9,46,0
0,1,0.926145017,9,-9,0,1
1,1,0.285813212,7,6,1,1
1,0,0.159728795,10,-3,46,0
0,0,0.838807285,0,-9,46,0
0,0,0.0325335,10,-7,46,0
0,0,0.485224605,-6,-9,1,0
0,1,0.982618809,5,-2,27,1
1,0,0.084985897,10,-9,0,1
0,0,0.105860099,10,4,1,0
1,0,0.0522567,10,-5,45,1
0,1,0.75631398,-6,-9,2,1
